,ADD_LIKE_BINARY_1,ADD_LIKE_BINARY_2,ADD_LIKE_BINARY_3,ADD_LIKE_BINARY_4,ADD_LIKE_BINARY_5,ADD_LIKE_BINARY_6,AGE,LIVING,STATE,GENDER
0,2.0,2.0,2.0,1.0,1.0,2.0,35,3,4,2
1,1.0,1.0,1.0,1.0,1.0,1.0,36,2,32,2
2,1.0,1.0,2.0,1.0,1.0,1.0,19,3,32,2
3,1.0,1.0,1.0,1.0,1.0,1.0,22,3,30,2
4,1.0,1.0,1.0,1.0,1.0,1.0,33,2,5,2
5,1.0,1.0,1.0,1.0,1.0,1.0,39,3,21,1
6,1.0,1.0,1.0,1.0,1.0,1.0,38,3,4,1
7,1.0,1.0,1.0,1.0,1.0,1.0,52,2,38,2
8,1.0,1.0,2.0,2.0,2.0,1.0,20,4,10,1
9,2.0,1.0,2.0,1.0,1.0,1.0,43,3,4,1
10,2.0,2.0,2.0,2.0,2.0,2.0,20,3,0,1
11,1.0,1.0,1.0,1.0,1.0,1.0,31,2,32,1
12,1.0,1.0,1.0,1.0,1.0,1.0,22,2,38,2
13,1.0,1.0,1.0,1.0,1.0,1.0,20,2,13,2
14,2.0,2.0,2.0,2.0,2.0,2.0,19,2,9,1
15,1.0,1.0,1.0,1.0,1.0,1.0,21,3,13,2
16,1.0,1.0,1.0,1.0,1.0,2.0,46,1,48,2
17,2.0,2.0,2.0,2.0,2.0,2.0,41,2,33,2
18,1.0,1.0,1.0,1.0,1.0,1.0,20,2,4,1
19,2.0,2.0,2.0,2.0,2.0,2.0,20,2,13,2
20,1.0,1.0,1.0,1.0,1.0,1.0,51,2,5,1
21,1.0,1.0,1.0,1.0,1.0,1.0,50,2,4,1
22,1.0,1.0,1.0,1.0,1.0,1.0,38,2,33,1
23,1.0,1.0,2.0,1.0,2.0,1.0,36,2,20,1
24,1.0,1.0,1.0,1.0,1.0,1.0,45,3,4,1
25,2.0,2.0,2.0,2.0,2.0,2.0,20,4,1,2
26,1.0,1.0,1.0,1.0,1.0,1.0,37,2,38,2
27,1.0,1.0,1.0,1.0,1.0,1.0,27,2,38,1
28,1.0,1.0,1.0,1.0,1.0,1.0,22,2,38,1
29,2.0,2.0,1.0,1.0,1.0,2.0,51,3,21,1
30,1.0,1.0,2.0,1.0,1.0,1.0,23,2,0,2
31,1.0,1.0,1.0,1.0,1.0,1.0,24,1,6,1
32,2.0,2.0,2.0,2.0,2.0,2.0,24,4,25,1
33,1.0,1.0,1.0,1.0,1.0,1.0,47,3,32,1
34,1.0,1.0,1.0,1.0,1.0,1.0,33,3,32,1
35,1.0,1.0,1.0,1.0,1.0,1.0,25,1,14,1
36,2.0,2.0,1.0,1.0,1.0,1.0,40,1,22,1
37,1.0,1.0,1.0,1.0,1.0,1.0,18,2,4,2
38,2.0,2.0,2.0,1.0,1.0,1.0,21,1,35,1
39,1.0,1.0,1.0,1.0,1.0,1.0,35,3,32,1
40,1.0,1.0,2.0,1.0,1.0,1.0,20,3,27,1
41,1.0,1.0,1.0,1.0,1.0,1.0,25,1,3,1
42,1.0,1.0,1.0,1.0,1.0,1.0,34,2,10,2
43,1.0,1.0,1.0,1.0,1.0,1.0,43,2,4,2
44,1.0,2.0,1.0,1.0,2.0,1.0,35,1,47,2
45,1.0,1.0,1.0,1.0,1.0,1.0,18,3,22,2
46,1.0,1.0,2.0,1.0,2.0,2.0,28,1,9,2
47,1.0,1.0,1.0,1.0,1.0,1.0,31,2,4,2
48,1.0,1.0,2.0,2.0,2.0,1.0,31,3,33,2
49,2.0,2.0,2.0,2.0,2.0,2.0,18,2,22,1
50,2.0,1.0,1.0,2.0,2.0,2.0,20,1,25,1
51,1.0,1.0,1.0,1.0,1.0,1.0,24,3,32,1
52,1.0,1.0,1.0,1.0,1.0,1.0,31,2,43,2
53,1.0,1.0,1.0,1.0,1.0,1.0,21,1,10,1
54,2.0,1.0,1.0,1.0,2.0,2.0,25,3,23,1
55,2.0,1.0,2.0,2.0,2.0,1.0,35,3,43,1
56,1.0,1.0,1.0,1.0,1.0,2.0,31,2,15,1
57,2.0,2.0,2.0,2.0,1.0,2.0,35,3,4,1
58,1.0,2.0,2.0,2.0,1.0,2.0,26,2,4,1
59,1.0,1.0,2.0,1.0,1.0,2.0,43,2,32,2
60,2.0,1.0,2.0,1.0,1.0,1.0,30,3,4,1
61,1.0,1.0,1.0,1.0,1.0,1.0,33,3,36,1
62,2.0,1.0,1.0,2.0,1.0,1.0,40,3,43,2
63,2.0,1.0,1.0,2.0,1.0,2.0,29,2,21,1
64,2.0,1.0,2.0,2.0,1.0,1.0,23,2,10,1
65,1.0,1.0,1.0,1.0,1.0,1.0,50,3,38,1
66,1.0,2.0,2.0,1.0,1.0,1.0,37,3,22,1
67,1.0,1.0,2.0,1.0,1.0,1.0,20,1,32,1
68,1.0,1.0,1.0,1.0,1.0,1.0,21,2,10,2
69,1.0,1.0,2.0,1.0,1.0,1.0,21,3,21,2
70,1.0,1.0,1.0,1.0,1.0,1.0,23,3,22,2
71,1.0,1.0,2.0,2.0,1.0,1.0,20,4,10,1
72,1.0,1.0,2.0,2.0,2.0,1.0,37,1,49,1
73,1.0,1.0,1.0,1.0,1.0,1.0,32,3,36,1
74,2.0,1.0,1.0,2.0,1.0,1.0,37,3,9,1
75,1.0,1.0,1.0,1.0,1.0,2.0,38,3,9,1
76,1.0,1.0,1.0,2.0,1.0,1.0,38,2,37,1
77,1.0,1.0,2.0,1.0,1.0,1.0,22,2,21,2
78,1.0,1.0,2.0,1.0,1.0,1.0,52,2,17,1
79,1.0,1.0,1.0,1.0,2.0,1.0,36,3,9,1
80,1.0,2.0,1.0,1.0,1.0,1.0,19,2,4,2
81,1.0,1.0,2.0,1.0,1.0,1.0,33,3,4,1
82,1.0,1.0,1.0,1.0,1.0,1.0,30,3,4,1
83,1.0,2.0,2.0,1.0,1.0,1.0,22,3,4,1
84,1.0,1.0,1.0,1.0,1.0,1.0,37,3,49,1
85,1.0,1.0,2.0,1.0,1.0,1.0,20,1,4,1
86,1.0,1.0,1.0,1.0,1.0,1.0,55,3,9,1
87,1.0,1.0,2.0,1.0,1.0,2.0,22,2,9,2
88,2.0,1.0,1.0,1.0,1.0,2.0,38,3,22,1
89,1.0,1.0,1.0,1.0,1.0,1.0,22,2,22,2
90,2.0,2.0,2.0,1.0,1.0,2.0,21,3,4,1
91,1.0,1.0,1.0,1.0,1.0,1.0,39,3,32,1
92,2.0,2.0,2.0,2.0,2.0,2.0,39,1,38,2
93,1.0,2.0,2.0,1.0,1.0,1.0,20,3,42,1
94,1.0,1.0,1.0,1.0,1.0,1.0,32,3,21,2
95,1.0,1.0,1.0,1.0,1.0,1.0,42,3,4,1
96,2.0,1.0,1.0,2.0,1.0,2.0,19,3,20,1
97,1.0,1.0,1.0,1.0,1.0,1.0,20,3,10,2
98,1.0,1.0,1.0,1.0,1.0,1.0,19,2,35,2
99,1.0,2.0,2.0,2.0,2.0,2.0,18,3,4,1
100,1.0,1.0,1.0,1.0,1.0,1.0,20,1,5,2
101,1.0,1.0,2.0,1.0,1.0,1.0,18,4,44,2
102,1.0,1.0,2.0,1.0,1.0,1.0,26,3,49,1
103,1.0,1.0,2.0,1.0,1.0,1.0,54,3,21,1
104,2.0,1.0,1.0,2.0,1.0,2.0,22,1,49,1
105,2.0,2.0,2.0,2.0,2.0,2.0,40,2,34,2
106,1.0,1.0,1.0,1.0,1.0,1.0,22,2,10,1
107,1.0,1.0,1.0,1.0,1.0,1.0,18,1,32,1
108,1.0,1.0,2.0,1.0,1.0,1.0,20,4,11,1
109,1.0,2.0,1.0,2.0,2.0,1.0,20,3,32,2
110,2.0,2.0,1.0,1.0,1.0,2.0,26,2,4,1
111,1.0,1.0,1.0,1.0,1.0,1.0,34,3,4,1
112,1.0,1.0,1.0,1.0,1.0,1.0,27,2,15,2
113,1.0,1.0,1.0,1.0,1.0,1.0,20,2,38,1
114,1.0,1.0,1.0,1.0,1.0,1.0,26,3,14,1
115,1.0,1.0,2.0,1.0,1.0,1.0,37,2,40,1
116,1.0,1.0,1.0,1.0,1.0,1.0,46,3,32,1
117,2.0,2.0,1.0,1.0,1.0,1.0,18,2,30,1
118,1.0,2.0,2.0,1.0,2.0,1.0,21,2,33,1
119,2.0,2.0,2.0,1.0,2.0,2.0,32,2,4,1
120,1.0,1.0,2.0,1.0,1.0,1.0,19,4,4,2
121,1.0,1.0,2.0,1.0,1.0,1.0,54,1,0,2
122,1.0,1.0,2.0,1.0,1.0,1.0,54,2,36,2
123,2.0,1.0,2.0,2.0,1.0,1.0,24,1,10,2
124,1.0,1.0,2.0,1.0,2.0,2.0,18,3,4,2
125,1.0,2.0,2.0,1.0,1.0,2.0,26,3,4,2
126,1.0,1.0,2.0,1.0,1.0,1.0,36,2,25,1
127,2.0,2.0,2.0,1.0,1.0,1.0,18,2,4,1
128,1.0,2.0,1.0,1.0,2.0,1.0,23,2,2,1
129,2.0,1.0,1.0,2.0,1.0,2.0,27,1,22,1
130,2.0,1.0,2.0,1.0,1.0,2.0,27,1,25,1
131,1.0,1.0,1.0,1.0,1.0,1.0,18,2,4,1
132,1.0,1.0,1.0,1.0,1.0,1.0,18,2,4,1
133,1.0,1.0,2.0,1.0,1.0,1.0,18,4,5,1
134,2.0,1.0,1.0,1.0,2.0,1.0,21,3,32,1
135,2.0,1.0,2.0,1.0,2.0,1.0,36,2,43,1
136,1.0,1.0,1.0,1.0,1.0,1.0,20,3,46,2
137,1.0,1.0,1.0,1.0,1.0,2.0,47,2,4,1
138,1.0,1.0,2.0,1.0,1.0,2.0,55,2,40,2
139,2.0,1.0,2.0,2.0,1.0,1.0,20,2,32,1
140,1.0,1.0,1.0,1.0,1.0,1.0,46,2,46,2
141,1.0,2.0,2.0,1.0,1.0,1.0,27,3,30,2
142,1.0,1.0,1.0,1.0,1.0,1.0,22,3,23,2
143,1.0,1.0,1.0,1.0,1.0,1.0,24,2,43,2
144,1.0,1.0,1.0,1.0,1.0,1.0,55,2,25,1
145,2.0,2.0,2.0,2.0,2.0,2.0,55,2,46,2
146,1.0,1.0,2.0,1.0,1.0,1.0,47,1,9,1
147,1.0,1.0,1.0,1.0,1.0,1.0,30,1,38,2
148,2.0,1.0,1.0,1.0,2.0,1.0,30,3,4,1
149,1.0,1.0,2.0,1.0,1.0,1.0,29,2,4,2
150,1.0,1.0,2.0,1.0,1.0,1.0,54,1,32,2
151,1.0,1.0,1.0,1.0,1.0,1.0,21,3,43,1
152,2.0,2.0,2.0,2.0,2.0,2.0,32,3,34,1
153,1.0,1.0,2.0,1.0,1.0,1.0,38,2,16,1
154,1.0,1.0,1.0,1.0,1.0,1.0,48,3,32,1
155,2.0,2.0,2.0,2.0,2.0,2.0,25,3,22,1
156,2.0,2.0,2.0,2.0,2.0,2.0,31,1,10,1
157,2.0,2.0,2.0,2.0,2.0,2.0,42,1,9,2
158,1.0,2.0,1.0,1.0,1.0,1.0,40,2,13,2
159,1.0,1.0,1.0,1.0,1.0,1.0,23,2,43,2
160,1.0,2.0,1.0,1.0,1.0,1.0,30,3,35,2
161,2.0,2.0,2.0,1.0,1.0,1.0,33,2,43,1
162,2.0,2.0,2.0,2.0,1.0,2.0,20,1,15,1
163,2.0,1.0,2.0,1.0,2.0,1.0,18,3,33,2
164,1.0,1.0,2.0,1.0,1.0,1.0,22,2,10,2
165,1.0,1.0,2.0,1.0,1.0,1.0,36,2,5,1
166,1.0,1.0,1.0,1.0,1.0,1.0,20,3,30,1
167,2.0,1.0,2.0,1.0,2.0,1.0,23,2,46,1
168,2.0,1.0,2.0,2.0,1.0,2.0,21,2,46,2
169,1.0,1.0,1.0,1.0,1.0,1.0,32,3,13,1
170,1.0,1.0,1.0,1.0,1.0,1.0,21,2,10,2
171,1.0,1.0,1.0,1.0,1.0,1.0,24,1,25,2
172,1.0,1.0,1.0,1.0,1.0,1.0,31,1,2,1
173,2.0,2.0,2.0,1.0,1.0,2.0,24,1,38,2
174,1.0,1.0,1.0,1.0,1.0,1.0,22,1,42,1
175,1.0,1.0,1.0,1.0,1.0,1.0,40,3,13,1
176,1.0,1.0,1.0,1.0,1.0,1.0,22,3,32,2
177,1.0,1.0,1.0,1.0,1.0,1.0,29,3,10,1
178,2.0,1.0,1.0,1.0,1.0,2.0,23,2,30,1
179,1.0,1.0,1.0,1.0,1.0,1.0,37,3,18,1
180,1.0,1.0,1.0,1.0,1.0,1.0,32,2,29,1
181,1.0,1.0,1.0,1.0,1.0,1.0,33,3,36,1
182,1.0,1.0,1.0,1.0,1.0,1.0,35,1,3,2
183,1.0,1.0,1.0,1.0,1.0,1.0,25,4,8,2
184,2.0,2.0,2.0,1.0,1.0,2.0,53,3,21,2
185,2.0,2.0,2.0,2.0,2.0,2.0,39,1,19,2
186,2.0,2.0,2.0,1.0,1.0,1.0,48,2,10,1
187,2.0,1.0,2.0,1.0,1.0,1.0,38,3,32,1
188,1.0,1.0,2.0,1.0,1.0,1.0,34,1,36,1
189,2.0,2.0,2.0,1.0,1.0,1.0,24,3,32,2
190,2.0,2.0,2.0,1.0,1.0,1.0,28,4,42,1
191,1.0,1.0,1.0,1.0,1.0,1.0,50,3,4,1
192,1.0,1.0,1.0,1.0,1.0,1.0,39,2,0,1
193,1.0,1.0,1.0,1.0,1.0,1.0,32,2,22,1
194,2.0,2.0,1.0,2.0,1.0,2.0,25,2,4,1
195,1.0,1.0,2.0,1.0,2.0,1.0,40,1,6,1
196,1.0,1.0,2.0,1.0,1.0,1.0,24,1,38,2
197,1.0,1.0,2.0,1.0,1.0,1.0,28,3,6,1
198,2.0,2.0,2.0,1.0,1.0,1.0,40,2,21,1
199,1.0,2.0,2.0,1.0,1.0,1.0,51,2,24,1
200,1.0,1.0,1.0,1.0,1.0,1.0,37,2,30,2
201,2.0,2.0,1.0,1.0,2.0,2.0,35,3,44,1
202,1.0,1.0,1.0,1.0,1.0,1.0,20,3,46,1
203,1.0,1.0,2.0,1.0,1.0,1.0,20,2,37,2
204,1.0,1.0,1.0,1.0,1.0,1.0,22,2,23,2
205,2.0,2.0,1.0,2.0,2.0,2.0,33,3,29,2
206,1.0,1.0,1.0,2.0,1.0,2.0,40,3,35,1
207,2.0,1.0,2.0,1.0,1.0,1.0,30,3,43,2
208,1.0,2.0,1.0,2.0,2.0,1.0,26,3,2,1
209,2.0,2.0,2.0,1.0,1.0,2.0,49,3,46,1
210,1.0,2.0,2.0,2.0,1.0,1.0,33,2,42,2
211,1.0,1.0,1.0,1.0,1.0,1.0,27,1,21,2
212,1.0,1.0,1.0,1.0,1.0,1.0,33,2,10,1
213,1.0,1.0,1.0,1.0,1.0,1.0,35,1,43,1
214,1.0,1.0,1.0,1.0,1.0,1.0,28,2,5,1
215,2.0,1.0,1.0,1.0,1.0,1.0,29,1,43,1
216,1.0,1.0,1.0,1.0,2.0,2.0,40,1,14,1
217,1.0,1.0,2.0,1.0,1.0,1.0,38,2,13,1
218,1.0,1.0,1.0,1.0,1.0,1.0,39,3,22,1
219,1.0,1.0,2.0,1.0,1.0,1.0,39,2,30,2
220,1.0,1.0,1.0,1.0,1.0,1.0,30,1,3,1
221,1.0,1.0,1.0,1.0,1.0,1.0,21,1,5,2
222,1.0,1.0,1.0,1.0,1.0,1.0,29,1,6,2
223,1.0,1.0,1.0,1.0,1.0,1.0,53,1,32,2
224,2.0,1.0,1.0,1.0,1.0,2.0,24,2,2,1
225,1.0,1.0,1.0,1.0,1.0,1.0,31,3,13,1
226,1.0,1.0,1.0,1.0,1.0,1.0,21,1,16,1
227,2.0,2.0,1.0,1.0,2.0,1.0,18,2,32,1
228,1.0,1.0,1.0,1.0,1.0,1.0,37,3,13,1
229,1.0,1.0,1.0,1.0,1.0,1.0,41,2,23,1
230,1.0,1.0,1.0,1.0,2.0,1.0,31,2,8,2
231,1.0,1.0,2.0,1.0,1.0,2.0,21,4,0,2
232,2.0,1.0,1.0,1.0,1.0,2.0,25,2,9,1
233,2.0,2.0,1.0,2.0,1.0,1.0,20,2,10,1
234,1.0,1.0,1.0,1.0,1.0,1.0,46,3,49,1
235,2.0,1.0,1.0,1.0,1.0,2.0,21,3,33,2
236,1.0,1.0,1.0,1.0,1.0,1.0,42,3,32,1
237,1.0,2.0,1.0,1.0,1.0,2.0,21,1,32,1
238,1.0,1.0,1.0,1.0,1.0,1.0,31,2,30,2
239,1.0,1.0,1.0,1.0,1.0,1.0,33,3,13,1
240,1.0,1.0,1.0,1.0,1.0,1.0,27,1,31,1
241,1.0,2.0,2.0,1.0,1.0,1.0,22,2,38,1
242,2.0,2.0,2.0,2.0,2.0,2.0,36,2,33,1
243,1.0,2.0,1.0,1.0,1.0,2.0,21,2,4,1
244,2.0,2.0,2.0,1.0,1.0,1.0,39,1,5,1
245,1.0,1.0,1.0,1.0,1.0,1.0,31,2,47,1
246,1.0,1.0,1.0,1.0,1.0,1.0,22,2,4,1
247,1.0,1.0,1.0,1.0,1.0,1.0,21,1,43,1
248,2.0,1.0,1.0,2.0,2.0,1.0,21,4,3,2
249,1.0,1.0,1.0,1.0,1.0,1.0,23,2,9,1
250,2.0,1.0,2.0,2.0,1.0,1.0,25,4,2,1
251,1.0,2.0,1.0,2.0,1.0,2.0,21,1,22,1
252,1.0,1.0,1.0,1.0,1.0,2.0,27,2,30,1
253,1.0,1.0,2.0,1.0,1.0,1.0,20,2,4,2
254,1.0,1.0,2.0,1.0,1.0,1.0,28,2,19,2
255,1.0,1.0,1.0,1.0,1.0,1.0,22,4,3,1
256,1.0,1.0,1.0,1.0,1.0,1.0,24,3,32,2
257,1.0,1.0,2.0,1.0,1.0,1.0,20,1,16,1
258,1.0,1.0,2.0,1.0,1.0,1.0,23,1,38,1
259,2.0,1.0,1.0,1.0,1.0,1.0,31,3,33,1
260,2.0,2.0,1.0,2.0,2.0,2.0,26,1,10,1
261,1.0,1.0,1.0,1.0,1.0,1.0,22,2,4,1
262,2.0,1.0,1.0,2.0,1.0,1.0,36,3,38,1
263,1.0,1.0,1.0,1.0,1.0,1.0,25,3,4,2
264,1.0,1.0,2.0,1.0,1.0,1.0,55,1,30,1
265,1.0,1.0,1.0,2.0,1.0,1.0,21,2,14,2
266,1.0,1.0,2.0,2.0,1.0,2.0,23,3,4,1
267,2.0,2.0,2.0,1.0,2.0,2.0,18,2,46,2
268,1.0,1.0,1.0,1.0,1.0,1.0,25,2,35,2
269,1.0,1.0,1.0,1.0,1.0,1.0,25,2,13,2
270,1.0,1.0,1.0,1.0,1.0,1.0,22,2,30,2
271,1.0,2.0,2.0,1.0,1.0,1.0,21,2,2,2
272,1.0,1.0,1.0,1.0,1.0,1.0,31,2,22,2
273,1.0,1.0,1.0,1.0,1.0,1.0,23,3,32,1
274,1.0,1.0,2.0,1.0,1.0,1.0,53,3,13,2
275,1.0,1.0,1.0,1.0,1.0,1.0,29,1,35,2
276,2.0,2.0,2.0,1.0,1.0,2.0,33,2,4,1
277,1.0,1.0,1.0,1.0,1.0,1.0,39,3,32,1
278,2.0,2.0,2.0,1.0,1.0,1.0,30,2,34,1
279,1.0,1.0,1.0,1.0,1.0,1.0,30,2,23,2
280,2.0,2.0,2.0,2.0,2.0,2.0,37,3,22,2
281,1.0,1.0,1.0,1.0,1.0,1.0,32,3,38,1
282,1.0,1.0,1.0,2.0,1.0,1.0,19,2,38,1
283,1.0,1.0,2.0,1.0,1.0,1.0,21,2,39,1
284,2.0,1.0,1.0,2.0,1.0,2.0,18,2,4,1
285,1.0,2.0,2.0,2.0,2.0,1.0,34,3,43,1
286,1.0,1.0,1.0,1.0,1.0,1.0,30,2,4,1
287,1.0,1.0,2.0,1.0,1.0,1.0,40,1,35,2
288,1.0,2.0,2.0,2.0,1.0,1.0,21,3,4,1
289,1.0,1.0,1.0,1.0,1.0,1.0,23,1,43,1
290,1.0,2.0,1.0,1.0,1.0,1.0,20,2,39,1
291,1.0,1.0,1.0,1.0,1.0,1.0,45,3,16,1
292,1.0,2.0,2.0,1.0,2.0,2.0,21,1,4,1
293,1.0,1.0,1.0,1.0,1.0,1.0,29,1,35,2
294,1.0,1.0,2.0,2.0,2.0,1.0,19,1,22,2
295,2.0,1.0,1.0,1.0,2.0,2.0,20,2,4,1
296,1.0,1.0,2.0,1.0,1.0,1.0,33,1,25,2
297,1.0,1.0,1.0,2.0,2.0,2.0,21,3,35,2
298,2.0,1.0,1.0,1.0,1.0,2.0,23,2,4,1
299,1.0,1.0,2.0,1.0,1.0,1.0,20,4,5,2
300,1.0,1.0,1.0,2.0,1.0,1.0,30,3,32,1
301,1.0,1.0,1.0,1.0,1.0,1.0,30,2,13,2
302,1.0,1.0,1.0,1.0,1.0,1.0,27,3,21,1
303,1.0,1.0,2.0,1.0,1.0,1.0,25,2,14,2
304,1.0,1.0,1.0,1.0,1.0,1.0,33,3,13,2
305,1.0,1.0,1.0,1.0,1.0,1.0,35,2,14,2
306,1.0,2.0,2.0,2.0,1.0,1.0,35,3,14,1
307,1.0,1.0,1.0,1.0,1.0,1.0,32,3,25,2
308,2.0,1.0,2.0,1.0,1.0,1.0,34,1,30,1
309,1.0,1.0,1.0,1.0,1.0,1.0,24,3,32,1
310,2.0,1.0,1.0,1.0,1.0,1.0,18,3,4,2
311,1.0,1.0,2.0,2.0,2.0,1.0,25,1,32,1
312,1.0,1.0,1.0,1.0,1.0,1.0,32,2,2,1
313,1.0,1.0,2.0,1.0,1.0,1.0,29,2,20,2
314,2.0,2.0,2.0,2.0,2.0,2.0,20,2,4,2
315,1.0,1.0,1.0,1.0,1.0,1.0,37,1,33,2
316,1.0,1.0,1.0,2.0,1.0,2.0,34,2,4,2
317,1.0,1.0,2.0,1.0,1.0,1.0,26,3,9,2
318,1.0,1.0,1.0,1.0,1.0,1.0,39,3,10,2
319,1.0,1.0,1.0,1.0,2.0,2.0,25,2,17,2
320,1.0,1.0,1.0,1.0,1.0,1.0,50,2,4,2
321,2.0,2.0,2.0,2.0,2.0,2.0,37,1,18,2
322,1.0,1.0,2.0,1.0,2.0,2.0,33,2,43,2
323,1.0,1.0,1.0,1.0,1.0,1.0,23,3,10,2
324,1.0,1.0,1.0,1.0,1.0,1.0,40,2,9,2
325,1.0,1.0,1.0,1.0,1.0,1.0,28,2,37,2
326,2.0,2.0,2.0,2.0,2.0,2.0,27,2,9,1
327,1.0,1.0,1.0,2.0,1.0,2.0,27,2,40,2
328,1.0,1.0,1.0,1.0,1.0,1.0,25,3,35,1
329,2.0,2.0,2.0,2.0,2.0,2.0,29,2,47,1
330,1.0,1.0,1.0,1.0,1.0,1.0,32,3,4,1
331,1.0,1.0,1.0,1.0,1.0,1.0,33,2,4,2
332,1.0,1.0,2.0,2.0,1.0,2.0,21,1,26,1
333,1.0,1.0,1.0,1.0,1.0,1.0,30,3,17,2
334,1.0,1.0,1.0,1.0,1.0,1.0,26,2,24,2
335,1.0,1.0,1.0,1.0,1.0,1.0,21,2,2,1
336,1.0,1.0,1.0,1.0,1.0,1.0,19,3,4,2
337,1.0,1.0,1.0,1.0,1.0,1.0,26,2,33,2
338,1.0,1.0,1.0,1.0,1.0,1.0,21,1,4,1
339,1.0,1.0,1.0,1.0,1.0,1.0,25,3,44,2
340,1.0,1.0,1.0,1.0,1.0,1.0,24,2,4,2
341,1.0,1.0,1.0,1.0,1.0,1.0,30,3,22,1
342,2.0,1.0,2.0,1.0,1.0,1.0,49,2,28,2
343,2.0,2.0,2.0,1.0,1.0,1.0,18,2,47,2
344,2.0,1.0,2.0,1.0,1.0,1.0,47,2,35,2
345,1.0,1.0,1.0,1.0,1.0,1.0,46,3,28,2
346,1.0,1.0,1.0,1.0,1.0,1.0,49,2,47,2
347,1.0,1.0,1.0,1.0,1.0,1.0,22,2,4,1
348,1.0,1.0,1.0,1.0,1.0,1.0,20,3,32,1
349,1.0,1.0,1.0,1.0,1.0,1.0,31,2,22,1
350,2.0,2.0,2.0,1.0,1.0,1.0,35,1,25,1
351,2.0,2.0,2.0,2.0,2.0,2.0,40,2,44,2
352,1.0,1.0,2.0,1.0,1.0,2.0,36,2,5,2
353,1.0,1.0,1.0,1.0,1.0,1.0,43,3,4,1
354,1.0,1.0,1.0,1.0,1.0,1.0,23,2,14,1
355,1.0,1.0,1.0,1.0,2.0,1.0,18,2,13,1
356,1.0,1.0,1.0,2.0,1.0,1.0,40,2,4,2
357,1.0,1.0,1.0,1.0,1.0,1.0,26,3,31,2
358,1.0,1.0,1.0,1.0,1.0,1.0,25,3,4,1
359,2.0,2.0,1.0,1.0,1.0,1.0,20,3,16,1
360,1.0,1.0,2.0,1.0,1.0,2.0,18,2,5,1
361,2.0,1.0,2.0,1.0,1.0,2.0,26,1,32,1
362,1.0,1.0,2.0,1.0,1.0,1.0,18,2,2,1
363,1.0,2.0,2.0,2.0,1.0,2.0,31,3,30,2
364,1.0,1.0,1.0,1.0,1.0,1.0,30,2,30,2
365,1.0,1.0,1.0,1.0,1.0,1.0,27,2,38,2
366,1.0,1.0,1.0,1.0,1.0,1.0,18,3,43,2
367,1.0,1.0,1.0,1.0,1.0,1.0,37,2,46,1
368,1.0,1.0,1.0,1.0,1.0,1.0,23,2,23,2
369,1.0,1.0,1.0,1.0,1.0,1.0,32,3,36,1
370,1.0,1.0,1.0,1.0,1.0,1.0,32,2,38,1
371,1.0,1.0,2.0,1.0,1.0,1.0,33,3,28,2
372,2.0,1.0,2.0,1.0,2.0,2.0,53,1,36,2
373,1.0,1.0,1.0,1.0,1.0,1.0,19,3,32,2
374,1.0,1.0,2.0,1.0,1.0,1.0,32,2,32,2
375,1.0,1.0,1.0,1.0,1.0,1.0,22,2,4,2
376,1.0,1.0,2.0,1.0,1.0,1.0,18,2,21,1
377,1.0,1.0,1.0,1.0,1.0,1.0,46,2,38,1
378,1.0,1.0,1.0,1.0,1.0,1.0,35,1,3,1
379,2.0,1.0,1.0,1.0,1.0,2.0,34,3,32,2
380,1.0,1.0,1.0,2.0,1.0,1.0,29,3,36,1
381,1.0,1.0,2.0,1.0,1.0,1.0,41,2,42,2
382,1.0,2.0,2.0,1.0,1.0,1.0,19,2,49,2
383,1.0,1.0,2.0,1.0,1.0,1.0,20,2,9,2
384,1.0,1.0,1.0,1.0,1.0,1.0,44,2,38,1
385,2.0,2.0,1.0,1.0,1.0,1.0,25,2,32,2
386,1.0,1.0,1.0,1.0,1.0,1.0,41,2,38,2
387,2.0,2.0,2.0,2.0,2.0,2.0,42,2,13,1
388,1.0,1.0,1.0,1.0,1.0,1.0,44,3,22,1
389,1.0,1.0,1.0,1.0,1.0,1.0,22,2,33,1
390,1.0,1.0,2.0,1.0,1.0,1.0,49,2,35,1
391,1.0,1.0,1.0,1.0,1.0,1.0,29,2,32,2
392,1.0,1.0,1.0,1.0,1.0,1.0,47,1,10,1
393,1.0,1.0,1.0,1.0,1.0,1.0,30,3,36,1
394,1.0,1.0,2.0,2.0,1.0,1.0,34,3,36,1
395,1.0,1.0,1.0,1.0,1.0,1.0,54,1,29,2
396,2.0,1.0,1.0,2.0,2.0,2.0,29,2,9,1
397,1.0,1.0,2.0,1.0,1.0,1.0,36,1,46,1
398,2.0,2.0,2.0,1.0,1.0,1.0,36,3,2,1
399,2.0,2.0,1.0,2.0,1.0,1.0,36,3,9,1
400,1.0,1.0,1.0,2.0,1.0,1.0,55,2,32,1
401,1.0,1.0,2.0,1.0,1.0,2.0,20,2,9,2
402,1.0,1.0,1.0,1.0,1.0,1.0,37,2,4,1
403,2.0,2.0,2.0,1.0,1.0,2.0,32,2,22,2
404,1.0,1.0,2.0,1.0,1.0,1.0,21,3,4,2
405,1.0,1.0,1.0,1.0,1.0,1.0,37,2,10,1
406,1.0,2.0,2.0,2.0,1.0,1.0,36,2,30,2
407,1.0,1.0,1.0,1.0,1.0,1.0,21,2,30,1
408,1.0,1.0,1.0,1.0,1.0,2.0,35,2,38,1
409,1.0,1.0,2.0,1.0,1.0,1.0,54,3,32,2
410,1.0,1.0,2.0,1.0,1.0,2.0,29,1,4,1
411,2.0,2.0,2.0,1.0,1.0,2.0,40,2,38,1
412,1.0,1.0,1.0,1.0,1.0,1.0,33,2,4,1
413,2.0,2.0,2.0,1.0,1.0,1.0,53,2,13,1
414,1.0,1.0,2.0,1.0,1.0,1.0,25,2,30,2
415,1.0,2.0,2.0,1.0,1.0,1.0,48,3,33,2
416,1.0,1.0,1.0,2.0,1.0,2.0,20,3,4,1
417,2.0,2.0,1.0,1.0,1.0,1.0,34,3,4,2
418,1.0,1.0,2.0,1.0,1.0,1.0,52,2,30,1
419,1.0,1.0,2.0,1.0,1.0,1.0,18,3,32,1
420,1.0,1.0,2.0,1.0,1.0,1.0,21,3,1,1
421,1.0,1.0,2.0,1.0,1.0,1.0,37,1,38,2
422,1.0,1.0,1.0,1.0,1.0,1.0,36,3,32,1
423,1.0,1.0,1.0,1.0,1.0,1.0,47,3,4,1
424,2.0,1.0,2.0,1.0,1.0,1.0,18,2,9,1
425,2.0,1.0,1.0,1.0,1.0,1.0,19,2,9,2
426,1.0,1.0,1.0,1.0,1.0,1.0,20,3,32,2
427,1.0,1.0,2.0,1.0,1.0,1.0,31,2,43,1
428,2.0,1.0,1.0,1.0,1.0,2.0,45,1,23,1
429,2.0,2.0,2.0,2.0,2.0,2.0,33,3,43,1
430,1.0,1.0,1.0,2.0,1.0,1.0,27,3,42,1
431,1.0,1.0,2.0,1.0,1.0,1.0,23,3,38,2
432,1.0,1.0,1.0,2.0,1.0,1.0,36,3,32,2
433,1.0,1.0,1.0,1.0,1.0,1.0,19,2,22,2
434,1.0,1.0,1.0,1.0,1.0,1.0,18,2,45,2
435,1.0,1.0,2.0,1.0,1.0,1.0,21,2,21,2
436,1.0,1.0,2.0,1.0,1.0,1.0,30,1,9,1
437,1.0,1.0,2.0,1.0,1.0,2.0,22,1,13,1
438,1.0,1.0,1.0,1.0,1.0,1.0,19,3,4,2
439,1.0,2.0,1.0,1.0,1.0,2.0,18,2,15,2
440,2.0,2.0,2.0,1.0,2.0,2.0,51,2,35,2
441,2.0,2.0,1.0,1.0,1.0,1.0,22,2,30,2
442,2.0,2.0,2.0,1.0,1.0,2.0,18,2,44,2
443,1.0,1.0,1.0,1.0,1.0,1.0,27,2,12,1
444,2.0,2.0,2.0,1.0,1.0,1.0,24,3,32,1
445,1.0,1.0,1.0,1.0,1.0,1.0,34,1,32,2
446,2.0,2.0,2.0,1.0,1.0,1.0,44,1,28,1
447,1.0,2.0,2.0,1.0,1.0,1.0,22,3,4,2
448,1.0,1.0,1.0,1.0,1.0,1.0,20,2,46,2
449,1.0,1.0,1.0,1.0,1.0,1.0,38,2,4,1
450,1.0,2.0,2.0,1.0,1.0,1.0,30,3,32,2
451,1.0,1.0,2.0,1.0,1.0,1.0,33,3,4,1
452,1.0,2.0,1.0,1.0,1.0,1.0,24,2,20,1
453,1.0,1.0,1.0,1.0,1.0,1.0,41,3,4,1
454,1.0,1.0,1.0,1.0,1.0,1.0,37,3,24,1
455,1.0,1.0,1.0,2.0,1.0,1.0,34,2,30,1
456,1.0,1.0,1.0,1.0,1.0,1.0,21,2,32,2
457,1.0,1.0,1.0,1.0,1.0,1.0,24,1,21,2
458,1.0,1.0,1.0,1.0,1.0,1.0,18,3,33,2
459,2.0,2.0,2.0,1.0,1.0,1.0,26,2,4,1
460,1.0,1.0,2.0,1.0,1.0,1.0,22,2,4,2
461,1.0,1.0,2.0,1.0,1.0,1.0,22,4,4,2
462,2.0,2.0,2.0,1.0,1.0,1.0,21,1,33,2
463,1.0,1.0,1.0,1.0,2.0,2.0,54,2,28,1
464,1.0,1.0,2.0,1.0,1.0,1.0,19,2,21,1
465,1.0,1.0,1.0,1.0,1.0,1.0,30,3,43,1
466,2.0,2.0,2.0,1.0,1.0,1.0,20,3,17,2
467,1.0,1.0,2.0,1.0,1.0,1.0,39,3,25,2
468,1.0,1.0,2.0,1.0,1.0,1.0,19,2,42,2
469,1.0,1.0,1.0,1.0,1.0,1.0,18,2,35,2
470,2.0,2.0,2.0,1.0,1.0,1.0,51,1,49,2
471,1.0,2.0,2.0,1.0,1.0,1.0,32,2,38,1
472,1.0,1.0,1.0,1.0,1.0,1.0,18,2,4,1
473,1.0,1.0,1.0,1.0,1.0,1.0,18,3,30,2
474,1.0,1.0,2.0,1.0,1.0,1.0,39,3,49,2
475,1.0,1.0,2.0,1.0,1.0,1.0,32,2,23,2
476,1.0,1.0,2.0,1.0,1.0,1.0,31,3,5,1
477,1.0,1.0,2.0,1.0,1.0,1.0,22,4,30,2
478,1.0,1.0,2.0,1.0,1.0,1.0,18,3,44,2
479,1.0,1.0,2.0,1.0,1.0,1.0,30,2,5,1
480,2.0,2.0,2.0,1.0,1.0,1.0,20,2,13,1
481,1.0,1.0,1.0,1.0,1.0,1.0,32,3,30,1
482,1.0,1.0,2.0,1.0,1.0,2.0,18,4,28,2
483,1.0,1.0,1.0,1.0,2.0,2.0,33,3,14,2
484,2.0,2.0,2.0,1.0,1.0,1.0,18,1,20,1
485,1.0,1.0,1.0,1.0,1.0,1.0,19,2,37,2
486,1.0,1.0,1.0,1.0,1.0,1.0,22,1,25,2
487,1.0,1.0,2.0,1.0,1.0,1.0,34,2,49,2
488,2.0,2.0,1.0,2.0,2.0,2.0,20,2,35,1
489,1.0,1.0,1.0,2.0,1.0,1.0,34,3,46,2
490,2.0,1.0,2.0,1.0,1.0,1.0,26,2,5,2
491,1.0,1.0,1.0,1.0,1.0,1.0,51,2,42,2
492,2.0,2.0,2.0,1.0,1.0,1.0,52,1,18,2
493,1.0,2.0,2.0,1.0,1.0,2.0,53,3,5,1
494,1.0,1.0,2.0,1.0,1.0,1.0,51,2,4,1
495,1.0,1.0,1.0,1.0,1.0,2.0,22,2,4,2
496,1.0,1.0,1.0,2.0,1.0,1.0,38,2,4,1
497,1.0,1.0,2.0,1.0,1.0,1.0,46,2,35,2
498,1.0,1.0,2.0,1.0,1.0,1.0,35,2,35,1
499,1.0,2.0,2.0,1.0,1.0,1.0,20,1,13,2
500,1.0,1.0,1.0,1.0,1.0,1.0,21,1,15,2
501,1.0,1.0,2.0,1.0,1.0,1.0,19,3,32,2
502,1.0,1.0,2.0,1.0,1.0,1.0,39,2,22,2
503,1.0,1.0,2.0,1.0,1.0,1.0,45,1,22,2
504,1.0,1.0,2.0,1.0,1.0,2.0,48,2,35,2
505,1.0,1.0,2.0,1.0,1.0,1.0,28,3,49,2
506,1.0,1.0,1.0,1.0,1.0,2.0,31,2,4,1
507,1.0,1.0,1.0,2.0,1.0,1.0,46,2,32,1
508,1.0,1.0,1.0,2.0,1.0,1.0,36,3,13,2
509,1.0,1.0,2.0,1.0,1.0,2.0,52,2,22,2
510,1.0,2.0,2.0,1.0,1.0,2.0,20,1,35,2
511,1.0,1.0,1.0,1.0,1.0,1.0,35,2,2,1
512,1.0,1.0,1.0,1.0,1.0,1.0,31,2,4,1
513,1.0,1.0,2.0,1.0,1.0,1.0,39,2,9,2
514,1.0,2.0,2.0,1.0,1.0,1.0,53,3,4,2
515,1.0,1.0,2.0,1.0,1.0,1.0,49,2,33,2
516,1.0,1.0,2.0,1.0,1.0,1.0,46,3,33,2
517,2.0,1.0,2.0,1.0,2.0,1.0,31,1,2,2
518,1.0,1.0,2.0,1.0,1.0,1.0,27,2,9,2
519,1.0,1.0,2.0,1.0,1.0,1.0,33,3,28,2
520,1.0,1.0,1.0,1.0,1.0,1.0,22,2,23,2
521,1.0,1.0,1.0,1.0,1.0,1.0,43,3,43,2
522,1.0,1.0,2.0,1.0,1.0,1.0,38,3,9,2
523,1.0,1.0,1.0,1.0,1.0,1.0,26,2,9,1
524,1.0,2.0,2.0,1.0,1.0,1.0,53,2,4,2
525,1.0,2.0,2.0,2.0,1.0,1.0,54,2,5,2
526,2.0,1.0,2.0,1.0,1.0,1.0,55,3,10,2
527,1.0,1.0,1.0,1.0,1.0,1.0,36,3,5,2
528,1.0,1.0,2.0,1.0,1.0,1.0,36,3,5,2
529,1.0,1.0,2.0,1.0,1.0,1.0,18,2,20,1
530,1.0,1.0,1.0,2.0,1.0,1.0,29,3,5,2
531,1.0,1.0,1.0,1.0,1.0,2.0,45,2,37,2
532,1.0,1.0,2.0,1.0,1.0,1.0,25,3,9,2
533,1.0,1.0,1.0,1.0,1.0,1.0,24,2,4,2
534,1.0,1.0,1.0,1.0,1.0,1.0,33,4,4,2
535,1.0,1.0,2.0,1.0,1.0,1.0,35,3,9,2
536,2.0,2.0,2.0,1.0,2.0,2.0,24,1,33,2
537,2.0,2.0,1.0,1.0,1.0,1.0,34,3,21,1
538,1.0,2.0,2.0,1.0,1.0,1.0,25,2,4,2
539,2.0,2.0,2.0,1.0,1.0,2.0,32,3,28,2
540,2.0,2.0,2.0,1.0,1.0,1.0,51,1,5,2
541,1.0,1.0,2.0,1.0,1.0,1.0,47,2,28,2
542,1.0,1.0,1.0,1.0,1.0,1.0,32,3,32,1
543,1.0,1.0,2.0,1.0,1.0,1.0,55,3,4,2
544,1.0,1.0,1.0,1.0,1.0,1.0,30,2,4,2
545,1.0,1.0,2.0,1.0,1.0,1.0,47,3,4,2
546,2.0,2.0,1.0,1.0,1.0,1.0,33,2,38,1
547,1.0,1.0,2.0,1.0,1.0,1.0,54,2,44,2
548,1.0,1.0,2.0,1.0,1.0,1.0,50,3,4,2
549,1.0,1.0,1.0,1.0,1.0,1.0,18,2,4,1
550,1.0,1.0,2.0,1.0,1.0,1.0,45,1,4,2
551,1.0,1.0,1.0,1.0,1.0,1.0,25,1,47,2
552,1.0,1.0,2.0,1.0,1.0,1.0,21,2,25,1
553,1.0,1.0,2.0,1.0,1.0,1.0,21,2,21,1
554,1.0,1.0,2.0,1.0,1.0,1.0,49,3,5,2
555,1.0,1.0,2.0,1.0,1.0,1.0,28,3,28,2
556,1.0,2.0,2.0,1.0,1.0,1.0,55,3,4,2
557,1.0,1.0,2.0,1.0,1.0,2.0,23,1,37,1
558,2.0,2.0,1.0,1.0,1.0,1.0,31,3,4,2
559,1.0,1.0,1.0,1.0,1.0,1.0,22,3,15,1
560,1.0,1.0,2.0,1.0,1.0,1.0,21,3,4,1
561,1.0,1.0,1.0,1.0,1.0,1.0,40,3,33,2
562,2.0,2.0,1.0,2.0,1.0,1.0,35,2,20,2
563,1.0,1.0,1.0,1.0,1.0,1.0,34,2,35,2
564,2.0,1.0,1.0,1.0,1.0,1.0,20,2,21,1
565,1.0,1.0,1.0,1.0,1.0,1.0,48,3,32,1
566,1.0,2.0,2.0,1.0,1.0,2.0,45,2,38,1
567,2.0,2.0,2.0,1.0,1.0,1.0,28,3,40,2
568,1.0,1.0,1.0,1.0,1.0,1.0,32,2,28,2
569,1.0,1.0,1.0,1.0,1.0,1.0,26,2,33,1
570,1.0,1.0,2.0,1.0,1.0,1.0,29,1,27,2
571,1.0,1.0,2.0,1.0,1.0,1.0,50,1,33,2
572,1.0,1.0,2.0,1.0,1.0,1.0,37,2,9,2
573,1.0,1.0,1.0,1.0,1.0,1.0,37,1,37,1
574,2.0,2.0,2.0,1.0,1.0,1.0,40,2,33,2
575,1.0,1.0,2.0,1.0,1.0,1.0,40,2,30,2
576,1.0,1.0,1.0,1.0,1.0,1.0,55,1,21,2
577,1.0,1.0,2.0,1.0,1.0,1.0,36,1,10,1
578,2.0,1.0,2.0,1.0,2.0,2.0,29,3,43,2
579,1.0,2.0,2.0,1.0,1.0,1.0,54,2,9,2
580,1.0,1.0,1.0,1.0,1.0,1.0,44,2,30,2
581,2.0,2.0,2.0,1.0,2.0,2.0,55,3,32,2
582,1.0,1.0,1.0,1.0,1.0,1.0,28,2,10,1
583,1.0,1.0,2.0,1.0,1.0,1.0,23,2,35,2
584,1.0,1.0,1.0,1.0,1.0,1.0,41,1,5,1
585,1.0,1.0,1.0,1.0,1.0,1.0,25,3,20,2
586,1.0,1.0,2.0,1.0,1.0,2.0,46,1,42,1
587,1.0,1.0,1.0,1.0,1.0,1.0,26,2,4,2
588,1.0,1.0,2.0,1.0,1.0,1.0,31,3,33,2
589,1.0,1.0,2.0,1.0,1.0,1.0,50,2,10,1
590,2.0,2.0,2.0,1.0,1.0,1.0,45,2,9,2
591,1.0,1.0,2.0,1.0,1.0,1.0,24,2,33,2
592,2.0,2.0,2.0,1.0,1.0,1.0,31,3,32,2
593,1.0,2.0,2.0,2.0,2.0,1.0,27,3,4,1
594,1.0,1.0,1.0,2.0,2.0,2.0,45,1,37,1
595,1.0,1.0,2.0,1.0,1.0,1.0,20,3,22,2
596,1.0,1.0,1.0,1.0,1.0,1.0,43,1,22,1
597,1.0,2.0,2.0,1.0,2.0,2.0,41,2,35,2
598,1.0,2.0,2.0,1.0,1.0,1.0,19,2,17,2
599,1.0,1.0,2.0,1.0,2.0,2.0,41,1,49,2
600,2.0,2.0,2.0,1.0,2.0,2.0,50,2,13,1
601,1.0,1.0,2.0,1.0,1.0,1.0,50,2,21,2
602,1.0,1.0,2.0,2.0,1.0,1.0,46,1,10,2
603,2.0,2.0,2.0,1.0,1.0,1.0,30,3,13,2
604,1.0,1.0,1.0,1.0,1.0,1.0,24,2,49,2
605,2.0,2.0,2.0,1.0,1.0,1.0,37,1,36,2
606,1.0,1.0,2.0,1.0,1.0,1.0,51,1,49,2
607,2.0,2.0,2.0,2.0,1.0,2.0,53,3,6,2
608,2.0,2.0,2.0,2.0,1.0,1.0,33,3,6,2
609,1.0,1.0,2.0,1.0,1.0,1.0,33,2,32,2
610,1.0,1.0,2.0,1.0,1.0,1.0,55,1,9,2
611,1.0,1.0,1.0,1.0,1.0,1.0,54,1,36,2
612,1.0,2.0,2.0,1.0,1.0,1.0,36,2,4,2
613,1.0,1.0,2.0,1.0,1.0,1.0,18,1,32,2
614,1.0,2.0,2.0,1.0,1.0,1.0,50,2,35,2
615,1.0,1.0,2.0,2.0,1.0,1.0,26,3,43,2
616,1.0,1.0,1.0,1.0,1.0,1.0,21,1,43,1
617,1.0,1.0,1.0,1.0,1.0,1.0,20,2,32,2
618,1.0,1.0,1.0,1.0,1.0,2.0,32,3,43,1
619,1.0,1.0,2.0,1.0,1.0,1.0,49,1,0,2
620,1.0,1.0,1.0,1.0,1.0,1.0,20,2,9,1
621,1.0,2.0,2.0,1.0,1.0,1.0,53,3,40,2
622,1.0,2.0,1.0,1.0,1.0,1.0,21,2,18,1
623,1.0,1.0,2.0,1.0,1.0,1.0,28,3,20,2
624,1.0,1.0,2.0,1.0,1.0,1.0,55,2,46,1
625,1.0,1.0,2.0,1.0,1.0,1.0,19,2,4,2
626,1.0,1.0,1.0,1.0,1.0,1.0,21,2,13,2
627,1.0,1.0,2.0,1.0,1.0,2.0,42,2,21,1
628,1.0,1.0,2.0,1.0,1.0,1.0,54,3,36,1
629,1.0,1.0,2.0,1.0,1.0,1.0,41,1,6,2
630,1.0,1.0,1.0,1.0,1.0,1.0,18,3,22,2
631,2.0,2.0,2.0,2.0,2.0,2.0,20,3,32,1
632,1.0,1.0,2.0,1.0,1.0,1.0,50,1,33,1
633,1.0,1.0,2.0,1.0,2.0,2.0,46,3,9,1
634,1.0,1.0,2.0,1.0,1.0,1.0,44,2,32,2
635,2.0,2.0,2.0,1.0,1.0,2.0,47,2,32,2
636,1.0,1.0,1.0,2.0,1.0,2.0,20,3,0,2
637,1.0,1.0,2.0,2.0,2.0,1.0,26,3,6,2
638,1.0,1.0,1.0,1.0,1.0,1.0,52,2,33,1
639,2.0,2.0,2.0,1.0,1.0,2.0,21,3,9,2
640,2.0,2.0,1.0,1.0,1.0,2.0,34,2,13,1
641,1.0,1.0,1.0,1.0,1.0,1.0,39,3,20,1
642,1.0,1.0,2.0,1.0,1.0,1.0,29,1,32,2
643,1.0,1.0,2.0,1.0,1.0,2.0,31,2,30,2
644,1.0,1.0,1.0,1.0,1.0,1.0,21,2,17,1
645,1.0,1.0,1.0,1.0,1.0,1.0,48,2,30,2
646,1.0,1.0,2.0,1.0,1.0,1.0,31,3,0,1
647,1.0,1.0,2.0,1.0,2.0,1.0,27,2,9,1
648,2.0,2.0,2.0,1.0,1.0,1.0,19,3,35,2
649,2.0,2.0,2.0,1.0,1.0,1.0,32,2,4,1
650,1.0,1.0,2.0,1.0,1.0,1.0,34,2,33,1
651,1.0,1.0,2.0,1.0,1.0,2.0,50,2,38,2
652,1.0,1.0,2.0,1.0,1.0,1.0,52,2,38,2
653,2.0,1.0,1.0,1.0,1.0,2.0,43,1,33,1
654,1.0,1.0,1.0,1.0,1.0,1.0,36,2,38,1
655,1.0,1.0,2.0,1.0,1.0,2.0,47,1,27,1
656,1.0,1.0,2.0,1.0,1.0,1.0,21,1,43,2
657,1.0,1.0,2.0,1.0,1.0,2.0,41,3,38,2
658,1.0,1.0,1.0,1.0,1.0,1.0,34,2,32,2
659,1.0,1.0,1.0,1.0,1.0,2.0,40,2,13,1
660,1.0,1.0,2.0,1.0,1.0,1.0,33,1,32,2
661,1.0,1.0,1.0,1.0,1.0,1.0,41,2,16,1
662,2.0,1.0,2.0,1.0,1.0,1.0,20,3,29,1
663,1.0,2.0,2.0,1.0,1.0,1.0,55,3,32,2
664,2.0,1.0,2.0,1.0,2.0,1.0,21,2,32,1
665,1.0,1.0,1.0,1.0,1.0,1.0,35,2,38,2
666,1.0,1.0,1.0,1.0,1.0,1.0,21,3,32,2
667,1.0,1.0,2.0,1.0,1.0,1.0,18,2,13,2
668,1.0,1.0,1.0,1.0,1.0,1.0,22,2,40,2
669,1.0,1.0,2.0,1.0,1.0,1.0,39,2,30,1
670,1.0,1.0,2.0,1.0,1.0,1.0,48,2,6,2
671,1.0,1.0,2.0,1.0,2.0,2.0,54,1,22,1
672,1.0,1.0,1.0,1.0,1.0,1.0,40,1,35,1
673,1.0,1.0,1.0,1.0,1.0,1.0,36,2,36,1
674,1.0,1.0,2.0,1.0,1.0,1.0,42,3,32,1
675,1.0,1.0,2.0,1.0,1.0,1.0,19,2,35,1
676,2.0,2.0,2.0,1.0,1.0,1.0,32,2,21,2
677,1.0,1.0,1.0,1.0,1.0,1.0,23,1,9,1
678,1.0,1.0,1.0,1.0,1.0,1.0,31,3,43,1
679,2.0,2.0,2.0,1.0,1.0,2.0,35,2,32,2
680,2.0,2.0,2.0,1.0,1.0,1.0,51,3,5,1
681,1.0,1.0,2.0,1.0,1.0,1.0,24,2,14,1
682,1.0,1.0,2.0,1.0,1.0,1.0,22,2,32,2
683,1.0,1.0,2.0,1.0,1.0,1.0,35,1,29,1
684,1.0,2.0,2.0,1.0,1.0,1.0,18,1,21,2
685,1.0,2.0,2.0,1.0,1.0,2.0,35,1,10,1
686,1.0,1.0,2.0,1.0,1.0,1.0,41,1,38,2
687,1.0,1.0,2.0,1.0,2.0,2.0,30,2,38,2
688,1.0,2.0,2.0,1.0,1.0,1.0,24,2,21,2
689,1.0,1.0,1.0,1.0,1.0,1.0,24,2,33,1
690,1.0,1.0,1.0,1.0,1.0,2.0,36,1,2,1
691,1.0,1.0,2.0,1.0,1.0,1.0,51,3,33,1
692,1.0,1.0,1.0,1.0,1.0,1.0,47,2,43,1
693,1.0,1.0,2.0,1.0,1.0,1.0,55,2,33,1
694,1.0,1.0,1.0,1.0,1.0,1.0,55,1,38,1
695,1.0,1.0,1.0,1.0,1.0,1.0,22,2,28,1
696,1.0,1.0,1.0,2.0,1.0,1.0,40,3,42,1
697,1.0,1.0,1.0,1.0,1.0,1.0,22,3,32,1
698,1.0,1.0,1.0,1.0,1.0,1.0,21,3,3,2
699,1.0,1.0,1.0,1.0,1.0,1.0,34,1,25,1
700,1.0,1.0,2.0,1.0,1.0,1.0,33,3,25,1
701,1.0,1.0,2.0,1.0,1.0,1.0,19,2,46,2
702,1.0,1.0,2.0,1.0,1.0,2.0,48,2,38,1
703,2.0,2.0,2.0,1.0,1.0,1.0,32,3,4,1
704,1.0,1.0,2.0,1.0,1.0,1.0,23,2,24,1
705,1.0,1.0,2.0,1.0,1.0,1.0,20,2,30,2
706,1.0,1.0,1.0,1.0,1.0,1.0,53,1,6,2
707,1.0,1.0,2.0,1.0,1.0,1.0,30,1,45,2
708,1.0,1.0,1.0,1.0,1.0,1.0,35,2,29,1
709,1.0,2.0,2.0,1.0,1.0,1.0,42,2,22,1
710,1.0,1.0,2.0,2.0,1.0,1.0,24,3,5,2
711,1.0,1.0,1.0,1.0,1.0,2.0,19,2,3,2
712,2.0,2.0,2.0,1.0,1.0,2.0,47,1,35,1
713,1.0,1.0,1.0,1.0,1.0,1.0,32,3,9,1
714,2.0,2.0,2.0,1.0,1.0,1.0,21,3,38,2
715,1.0,1.0,1.0,2.0,1.0,1.0,32,1,35,1
716,1.0,1.0,2.0,1.0,1.0,2.0,54,2,14,1
717,1.0,1.0,1.0,1.0,1.0,1.0,31,2,32,2
718,2.0,2.0,2.0,1.0,1.0,1.0,46,3,2,1
719,2.0,1.0,2.0,1.0,1.0,1.0,19,1,40,1
720,2.0,2.0,2.0,1.0,2.0,2.0,43,3,15,1
721,1.0,1.0,1.0,1.0,1.0,1.0,54,2,32,1
722,1.0,1.0,1.0,1.0,1.0,1.0,55,3,9,1
723,1.0,1.0,1.0,1.0,1.0,1.0,31,2,32,1
724,1.0,1.0,2.0,2.0,2.0,1.0,19,2,32,1
725,1.0,1.0,2.0,1.0,1.0,2.0,28,2,27,1
726,1.0,1.0,2.0,2.0,1.0,1.0,19,2,30,1
727,1.0,1.0,1.0,1.0,1.0,2.0,44,1,33,1
728,1.0,1.0,1.0,1.0,1.0,1.0,23,3,32,1
729,1.0,1.0,2.0,1.0,1.0,1.0,47,2,6,2
730,1.0,1.0,2.0,1.0,1.0,1.0,47,2,39,2
731,1.0,2.0,1.0,1.0,1.0,1.0,22,2,20,2
732,1.0,1.0,2.0,1.0,1.0,2.0,20,3,40,1
733,2.0,1.0,1.0,1.0,1.0,1.0,39,3,46,1
734,1.0,1.0,2.0,1.0,1.0,1.0,46,2,5,1
735,2.0,2.0,2.0,1.0,1.0,1.0,22,3,46,2
736,1.0,1.0,1.0,1.0,1.0,1.0,54,2,3,1
737,1.0,1.0,1.0,1.0,1.0,1.0,31,2,9,1
738,2.0,1.0,2.0,1.0,1.0,1.0,40,2,33,1
739,1.0,2.0,2.0,1.0,1.0,2.0,21,1,10,1
740,1.0,1.0,2.0,1.0,1.0,1.0,50,3,38,2
741,1.0,1.0,2.0,1.0,1.0,1.0,37,2,10,1
742,1.0,1.0,1.0,1.0,1.0,1.0,44,2,10,1
743,1.0,1.0,2.0,2.0,1.0,1.0,43,3,32,1
744,2.0,2.0,2.0,2.0,2.0,2.0,47,3,25,1
745,1.0,2.0,2.0,1.0,2.0,2.0,22,2,43,1
746,1.0,1.0,2.0,1.0,1.0,1.0,43,1,35,1
747,1.0,1.0,2.0,1.0,1.0,1.0,25,2,0,1
748,1.0,1.0,1.0,1.0,1.0,1.0,18,3,23,2
749,2.0,2.0,2.0,1.0,1.0,1.0,36,1,30,1
750,1.0,1.0,1.0,1.0,1.0,1.0,22,3,21,2
751,1.0,1.0,2.0,1.0,1.0,1.0,35,2,38,2
752,1.0,1.0,2.0,1.0,1.0,1.0,52,2,33,1
753,1.0,1.0,1.0,1.0,1.0,1.0,25,2,42,1
754,1.0,2.0,2.0,1.0,1.0,1.0,52,2,44,1
755,1.0,1.0,1.0,1.0,1.0,1.0,21,1,32,2
756,1.0,1.0,1.0,1.0,1.0,1.0,47,3,27,1
757,1.0,1.0,1.0,1.0,1.0,1.0,46,2,32,1
758,1.0,1.0,1.0,1.0,1.0,2.0,49,2,32,1
759,1.0,1.0,2.0,1.0,1.0,1.0,45,1,38,2
760,1.0,1.0,1.0,1.0,1.0,2.0,49,2,32,1
761,1.0,1.0,1.0,1.0,1.0,2.0,55,2,32,1
762,1.0,1.0,2.0,1.0,1.0,1.0,22,1,22,2
763,1.0,1.0,1.0,1.0,1.0,1.0,18,2,23,2
764,1.0,1.0,2.0,1.0,1.0,1.0,49,2,6,1
765,1.0,1.0,1.0,1.0,1.0,1.0,49,1,41,1
766,1.0,1.0,1.0,1.0,1.0,1.0,22,2,4,2
767,1.0,1.0,2.0,1.0,1.0,1.0,45,2,43,1
768,1.0,1.0,2.0,1.0,1.0,2.0,18,4,2,1
769,1.0,1.0,2.0,1.0,1.0,1.0,22,2,9,2
770,1.0,1.0,1.0,1.0,1.0,2.0,54,1,35,1
771,1.0,1.0,2.0,1.0,1.0,2.0,43,3,24,1
772,2.0,2.0,2.0,1.0,1.0,1.0,28,2,38,2
773,1.0,1.0,1.0,1.0,1.0,1.0,55,2,30,2
774,1.0,1.0,2.0,1.0,1.0,1.0,52,2,21,2
775,1.0,1.0,1.0,1.0,1.0,2.0,52,2,22,1
776,2.0,2.0,2.0,1.0,1.0,1.0,24,1,38,2
777,1.0,1.0,2.0,1.0,1.0,1.0,28,3,21,2
778,1.0,1.0,1.0,1.0,1.0,1.0,40,3,4,1
779,1.0,1.0,1.0,1.0,1.0,1.0,22,3,38,1
780,1.0,1.0,2.0,1.0,1.0,1.0,25,3,20,1
781,2.0,2.0,2.0,1.0,1.0,1.0,52,3,32,2
782,1.0,1.0,1.0,1.0,1.0,1.0,55,2,32,1
783,1.0,1.0,1.0,1.0,1.0,1.0,30,1,32,2
784,1.0,1.0,1.0,1.0,1.0,1.0,18,2,33,2
785,1.0,1.0,1.0,1.0,1.0,1.0,38,1,35,1
786,2.0,2.0,2.0,1.0,1.0,2.0,42,2,22,1
787,1.0,1.0,1.0,1.0,1.0,1.0,28,2,10,1
788,1.0,1.0,1.0,1.0,1.0,1.0,22,3,4,2
789,1.0,1.0,1.0,1.0,1.0,1.0,28,4,30,2
790,1.0,1.0,2.0,1.0,1.0,1.0,19,2,30,1
791,1.0,2.0,2.0,1.0,1.0,1.0,34,1,21,2
792,1.0,1.0,1.0,1.0,1.0,1.0,45,2,35,1
793,1.0,1.0,1.0,1.0,1.0,1.0,21,2,9,2
794,2.0,1.0,2.0,1.0,1.0,1.0,33,3,21,2
795,1.0,1.0,2.0,1.0,1.0,1.0,35,2,21,2
796,2.0,2.0,2.0,1.0,1.0,1.0,49,2,25,1
797,1.0,1.0,2.0,1.0,1.0,1.0,41,1,38,2
798,2.0,2.0,2.0,1.0,1.0,1.0,53,3,30,2
799,1.0,1.0,2.0,2.0,1.0,1.0,41,2,49,1
800,1.0,1.0,2.0,1.0,1.0,1.0,53,1,38,1
801,1.0,1.0,2.0,1.0,1.0,1.0,31,3,30,2
802,2.0,2.0,2.0,1.0,1.0,2.0,20,3,43,2
803,1.0,1.0,1.0,1.0,1.0,1.0,22,2,32,2
804,1.0,1.0,2.0,1.0,1.0,1.0,18,3,32,1
805,2.0,2.0,2.0,1.0,1.0,1.0,34,3,20,1
806,2.0,2.0,2.0,1.0,1.0,2.0,51,2,38,2
807,1.0,1.0,2.0,1.0,1.0,1.0,46,1,4,1
808,1.0,1.0,1.0,1.0,1.0,1.0,55,3,32,1
809,2.0,2.0,2.0,1.0,1.0,1.0,24,2,9,1
810,1.0,1.0,2.0,1.0,1.0,2.0,47,3,43,1
811,1.0,1.0,1.0,1.0,1.0,1.0,21,4,19,2
812,1.0,1.0,1.0,1.0,1.0,1.0,38,2,44,1
813,1.0,1.0,1.0,1.0,1.0,1.0,44,2,30,1
814,1.0,1.0,2.0,1.0,1.0,1.0,21,2,46,1
815,1.0,1.0,2.0,1.0,1.0,1.0,27,2,38,2
816,2.0,2.0,1.0,1.0,1.0,1.0,18,2,30,2
817,1.0,1.0,1.0,1.0,1.0,1.0,37,3,20,1
818,1.0,1.0,1.0,1.0,1.0,1.0,23,3,13,1
819,1.0,1.0,1.0,1.0,1.0,1.0,30,2,16,1
820,2.0,2.0,2.0,1.0,1.0,1.0,41,2,38,1
821,1.0,1.0,1.0,1.0,1.0,1.0,22,2,9,2
822,2.0,2.0,2.0,1.0,1.0,1.0,29,1,38,1
823,1.0,2.0,1.0,1.0,1.0,1.0,54,2,4,1
824,1.0,1.0,1.0,2.0,2.0,1.0,29,3,13,1
825,1.0,1.0,1.0,1.0,1.0,1.0,54,1,32,1
826,1.0,1.0,1.0,2.0,2.0,2.0,19,2,32,2
827,1.0,2.0,2.0,1.0,1.0,1.0,23,3,28,2
828,1.0,1.0,1.0,1.0,1.0,1.0,36,1,22,1
829,2.0,2.0,2.0,2.0,1.0,1.0,27,2,46,1
830,1.0,1.0,1.0,1.0,1.0,1.0,49,3,32,1
831,1.0,1.0,1.0,1.0,1.0,1.0,18,2,16,2
832,1.0,1.0,2.0,1.0,1.0,1.0,21,2,32,2
833,1.0,1.0,1.0,1.0,1.0,1.0,33,1,30,1
834,1.0,1.0,2.0,1.0,1.0,1.0,45,2,38,2
835,1.0,1.0,1.0,1.0,1.0,1.0,21,1,10,2
836,2.0,2.0,2.0,1.0,1.0,1.0,33,3,38,1
837,2.0,2.0,1.0,1.0,2.0,1.0,39,4,9,1
838,1.0,1.0,1.0,1.0,1.0,1.0,28,1,33,1
839,1.0,1.0,1.0,1.0,1.0,1.0,49,2,30,2
840,1.0,1.0,1.0,1.0,1.0,1.0,25,3,23,1
841,1.0,2.0,1.0,2.0,1.0,1.0,30,2,23,1
842,1.0,1.0,1.0,1.0,1.0,1.0,22,2,43,2
843,2.0,2.0,2.0,1.0,1.0,1.0,46,2,6,2
844,2.0,2.0,2.0,1.0,1.0,2.0,22,3,32,2
845,1.0,1.0,2.0,1.0,1.0,2.0,35,3,42,1
846,1.0,1.0,1.0,1.0,1.0,1.0,44,3,6,1
847,1.0,1.0,2.0,1.0,1.0,1.0,21,4,15,2
848,1.0,1.0,1.0,1.0,1.0,1.0,31,3,32,1
849,1.0,1.0,2.0,1.0,2.0,2.0,20,1,0,2
850,1.0,2.0,2.0,2.0,2.0,2.0,33,3,4,1
851,1.0,1.0,1.0,1.0,1.0,1.0,36,3,35,1
852,1.0,1.0,2.0,1.0,1.0,1.0,48,1,29,2
853,1.0,1.0,1.0,1.0,1.0,1.0,41,1,32,2
854,1.0,1.0,2.0,1.0,1.0,1.0,27,2,38,2
855,1.0,1.0,2.0,1.0,1.0,1.0,29,3,46,1
856,1.0,1.0,2.0,1.0,1.0,2.0,19,2,9,1
857,2.0,2.0,2.0,1.0,1.0,1.0,40,2,22,1
858,1.0,1.0,1.0,1.0,1.0,1.0,18,2,0,2
859,1.0,1.0,1.0,1.0,1.0,1.0,55,1,31,1
860,2.0,1.0,2.0,1.0,1.0,1.0,51,2,6,1
861,1.0,1.0,1.0,1.0,1.0,1.0,43,3,47,1
862,2.0,2.0,2.0,2.0,2.0,2.0,35,3,2,1
863,1.0,1.0,2.0,1.0,1.0,1.0,49,3,37,1
864,1.0,1.0,1.0,1.0,1.0,1.0,26,3,35,1
865,2.0,2.0,2.0,1.0,1.0,1.0,52,3,35,1
866,1.0,1.0,2.0,1.0,1.0,1.0,29,1,38,2
867,1.0,1.0,2.0,1.0,1.0,1.0,34,2,33,1
868,1.0,1.0,1.0,1.0,2.0,2.0,22,2,32,2
869,1.0,1.0,2.0,1.0,1.0,1.0,20,3,4,1
870,1.0,1.0,1.0,1.0,1.0,1.0,53,2,4,1
871,1.0,1.0,1.0,1.0,1.0,1.0,21,2,6,1
872,1.0,1.0,2.0,1.0,1.0,1.0,55,3,23,1
873,1.0,1.0,2.0,1.0,1.0,1.0,25,3,18,1
874,1.0,1.0,1.0,1.0,1.0,1.0,18,2,38,2
875,1.0,1.0,2.0,2.0,1.0,1.0,33,4,18,1
876,1.0,1.0,1.0,2.0,1.0,1.0,30,3,43,1
877,2.0,2.0,2.0,2.0,1.0,2.0,45,2,2,1
878,2.0,2.0,2.0,1.0,1.0,1.0,26,4,9,1
879,1.0,1.0,1.0,2.0,1.0,1.0,20,3,46,1
880,2.0,1.0,2.0,1.0,1.0,2.0,47,1,41,1
881,1.0,1.0,2.0,1.0,1.0,1.0,45,2,1,1
882,1.0,1.0,1.0,1.0,1.0,1.0,42,2,38,1
883,1.0,2.0,2.0,1.0,1.0,1.0,19,2,43,2
884,1.0,1.0,1.0,1.0,1.0,2.0,38,2,25,1
885,1.0,1.0,1.0,1.0,1.0,1.0,43,2,4,1
886,2.0,2.0,2.0,1.0,1.0,1.0,20,2,9,2
887,1.0,1.0,2.0,1.0,1.0,1.0,47,2,37,1
888,1.0,2.0,2.0,1.0,1.0,1.0,21,1,23,2
889,1.0,1.0,2.0,1.0,1.0,1.0,31,4,32,2
890,2.0,2.0,2.0,1.0,1.0,1.0,28,1,37,1
891,1.0,1.0,1.0,1.0,1.0,1.0,19,1,3,2
892,1.0,2.0,1.0,1.0,1.0,1.0,28,2,30,2
893,1.0,1.0,2.0,1.0,1.0,1.0,36,1,22,1
894,1.0,1.0,1.0,1.0,1.0,1.0,18,3,32,2
895,1.0,1.0,1.0,1.0,1.0,2.0,21,2,33,2
896,1.0,1.0,2.0,1.0,1.0,1.0,20,3,4,2
897,2.0,2.0,2.0,1.0,1.0,1.0,22,2,43,2
898,1.0,1.0,2.0,1.0,1.0,1.0,54,2,21,1
899,2.0,2.0,2.0,1.0,1.0,1.0,18,2,28,2
900,1.0,1.0,1.0,1.0,1.0,1.0,23,4,25,2
901,2.0,2.0,2.0,1.0,1.0,1.0,23,3,40,1
902,1.0,2.0,2.0,1.0,1.0,1.0,21,3,4,1
903,1.0,2.0,2.0,1.0,1.0,1.0,35,1,38,2
904,1.0,1.0,2.0,1.0,1.0,1.0,18,2,43,2
905,1.0,1.0,2.0,1.0,1.0,1.0,18,2,46,1
906,1.0,2.0,2.0,2.0,1.0,1.0,53,2,4,1
907,1.0,2.0,2.0,1.0,1.0,1.0,37,2,38,1
908,1.0,1.0,1.0,1.0,1.0,1.0,20,2,9,2
909,1.0,1.0,2.0,1.0,1.0,2.0,49,2,14,1
910,1.0,1.0,2.0,1.0,1.0,1.0,20,4,47,2
911,2.0,1.0,2.0,1.0,1.0,1.0,23,3,4,1
912,1.0,1.0,1.0,1.0,1.0,1.0,47,1,38,1
913,1.0,1.0,2.0,1.0,1.0,1.0,20,1,14,2
914,1.0,1.0,2.0,1.0,1.0,2.0,18,3,42,2
915,1.0,1.0,1.0,1.0,1.0,1.0,21,2,46,2
916,1.0,1.0,2.0,1.0,1.0,2.0,37,3,32,1
917,1.0,1.0,2.0,1.0,1.0,1.0,18,2,3,2
918,1.0,1.0,2.0,2.0,2.0,2.0,54,1,5,1
919,1.0,1.0,1.0,1.0,1.0,1.0,28,2,32,1
920,2.0,2.0,1.0,1.0,1.0,1.0,23,3,4,1
921,1.0,1.0,1.0,1.0,1.0,1.0,34,2,35,1
922,1.0,1.0,1.0,1.0,1.0,1.0,34,2,4,1
923,1.0,1.0,2.0,1.0,1.0,1.0,20,2,4,2
924,1.0,1.0,2.0,1.0,1.0,1.0,32,2,9,1
925,2.0,2.0,2.0,1.0,1.0,1.0,25,2,38,2
926,1.0,2.0,1.0,1.0,1.0,1.0,22,2,4,2
927,1.0,2.0,1.0,1.0,1.0,2.0,31,3,30,1
928,1.0,1.0,1.0,1.0,1.0,1.0,31,2,32,2
929,1.0,1.0,1.0,1.0,2.0,1.0,20,4,48,2
930,1.0,1.0,2.0,1.0,1.0,1.0,32,1,32,1
931,1.0,1.0,2.0,1.0,1.0,1.0,18,2,46,1
932,1.0,2.0,2.0,2.0,2.0,1.0,19,1,39,1
933,1.0,2.0,1.0,1.0,1.0,1.0,18,2,30,2
934,1.0,2.0,2.0,1.0,1.0,1.0,54,2,2,1
935,2.0,1.0,2.0,1.0,2.0,2.0,39,1,4,1
936,2.0,2.0,1.0,1.0,1.0,1.0,29,3,32,2
937,1.0,1.0,1.0,1.0,1.0,1.0,35,3,21,1
938,1.0,1.0,1.0,1.0,1.0,1.0,22,2,21,2
939,1.0,1.0,1.0,1.0,1.0,1.0,19,3,2,2
940,1.0,1.0,1.0,1.0,1.0,1.0,34,2,21,1
941,2.0,2.0,2.0,1.0,1.0,1.0,28,2,21,2
942,1.0,2.0,1.0,1.0,1.0,2.0,25,2,38,1
943,1.0,2.0,1.0,1.0,1.0,1.0,22,3,38,2
944,1.0,1.0,1.0,1.0,1.0,1.0,39,1,32,1
945,2.0,2.0,2.0,1.0,1.0,1.0,19,2,21,2
946,1.0,1.0,2.0,1.0,1.0,1.0,20,2,13,1
947,1.0,2.0,2.0,1.0,1.0,1.0,18,2,38,2
948,1.0,2.0,1.0,1.0,2.0,2.0,32,3,5,1
949,1.0,1.0,1.0,1.0,1.0,1.0,48,1,32,2
950,1.0,1.0,2.0,1.0,1.0,1.0,40,3,32,1
951,1.0,1.0,1.0,1.0,1.0,1.0,19,3,20,2
952,1.0,1.0,2.0,1.0,1.0,1.0,55,2,14,1
953,1.0,1.0,1.0,1.0,1.0,1.0,54,2,11,1
954,1.0,1.0,1.0,1.0,1.0,2.0,38,4,26,1
955,1.0,1.0,1.0,2.0,1.0,1.0,19,3,4,2
956,1.0,1.0,2.0,1.0,1.0,1.0,31,2,13,2
957,1.0,1.0,2.0,1.0,1.0,1.0,28,3,35,2
958,1.0,1.0,1.0,1.0,1.0,1.0,37,2,32,1
959,1.0,1.0,1.0,1.0,1.0,1.0,21,3,46,2
960,2.0,2.0,2.0,1.0,1.0,2.0,18,1,46,1
961,2.0,1.0,2.0,1.0,1.0,1.0,45,3,32,1
962,1.0,1.0,1.0,1.0,1.0,1.0,55,3,4,1
963,2.0,2.0,1.0,1.0,1.0,1.0,50,1,35,2
964,1.0,2.0,2.0,1.0,2.0,2.0,30,1,23,2
965,2.0,1.0,2.0,2.0,1.0,1.0,18,1,21,1
966,1.0,1.0,2.0,1.0,1.0,2.0,33,2,35,2
967,1.0,2.0,1.0,1.0,1.0,1.0,23,2,30,1
968,1.0,1.0,1.0,1.0,1.0,2.0,22,2,22,1
969,1.0,1.0,2.0,1.0,1.0,1.0,42,1,25,2
970,1.0,1.0,2.0,1.0,1.0,2.0,49,2,2,1
971,2.0,1.0,2.0,1.0,2.0,1.0,30,2,35,1
972,2.0,1.0,2.0,1.0,1.0,1.0,46,3,22,2
973,1.0,1.0,2.0,1.0,1.0,1.0,25,2,13,1
974,2.0,2.0,2.0,1.0,1.0,1.0,18,2,30,2
975,2.0,1.0,2.0,1.0,1.0,1.0,21,3,13,2
976,1.0,1.0,2.0,1.0,1.0,1.0,43,3,49,2
977,1.0,1.0,1.0,1.0,1.0,1.0,40,3,4,1
978,2.0,2.0,1.0,1.0,2.0,1.0,25,2,43,1
979,2.0,1.0,2.0,1.0,1.0,1.0,20,2,30,1
980,2.0,1.0,2.0,1.0,1.0,2.0,21,1,35,2
981,2.0,1.0,2.0,2.0,1.0,1.0,23,2,4,1
982,2.0,2.0,2.0,1.0,1.0,1.0,53,2,14,2
983,1.0,1.0,1.0,1.0,1.0,1.0,19,3,32,1
984,1.0,1.0,1.0,1.0,1.0,1.0,51,2,38,1
985,1.0,1.0,2.0,1.0,1.0,1.0,31,1,35,2
986,1.0,1.0,1.0,2.0,1.0,1.0,21,3,32,1
987,1.0,1.0,2.0,1.0,1.0,1.0,30,2,21,1
988,1.0,1.0,2.0,1.0,1.0,1.0,47,1,49,2
989,1.0,1.0,2.0,1.0,1.0,1.0,32,1,22,2
990,1.0,1.0,2.0,1.0,1.0,1.0,24,3,21,1
991,1.0,1.0,1.0,1.0,1.0,1.0,48,1,49,2
992,1.0,1.0,1.0,1.0,1.0,1.0,29,2,22,2
993,1.0,1.0,2.0,1.0,1.0,1.0,50,1,35,2
994,1.0,1.0,2.0,1.0,1.0,1.0,32,2,16,2
995,1.0,1.0,2.0,1.0,1.0,1.0,38,2,13,2
996,1.0,1.0,2.0,1.0,1.0,1.0,36,2,23,2
997,1.0,2.0,2.0,1.0,1.0,1.0,40,1,47,1
998,1.0,2.0,2.0,1.0,1.0,1.0,38,3,15,2
999,1.0,1.0,2.0,1.0,1.0,1.0,21,2,13,2
1000,1.0,1.0,2.0,1.0,1.0,1.0,46,2,4,1
1001,1.0,1.0,1.0,1.0,1.0,1.0,24,2,23,1
1002,1.0,1.0,2.0,1.0,1.0,1.0,51,2,35,2
1003,1.0,1.0,1.0,1.0,1.0,1.0,39,3,4,1
1004,2.0,1.0,2.0,1.0,1.0,1.0,23,1,35,2
1005,1.0,1.0,2.0,1.0,1.0,1.0,41,1,22,2
1006,1.0,1.0,2.0,1.0,1.0,2.0,50,2,23,2
1007,1.0,1.0,1.0,1.0,1.0,1.0,42,2,27,2
1008,2.0,1.0,2.0,2.0,1.0,1.0,34,2,4,1
1009,1.0,1.0,2.0,1.0,1.0,1.0,36,1,16,2
1010,2.0,1.0,2.0,1.0,1.0,1.0,30,2,30,1
1011,2.0,1.0,1.0,2.0,1.0,1.0,20,2,43,1
1012,1.0,1.0,1.0,1.0,1.0,1.0,46,2,22,2
1013,1.0,1.0,1.0,1.0,1.0,1.0,26,3,5,1
1014,1.0,1.0,1.0,1.0,1.0,1.0,54,2,13,2
1015,2.0,2.0,2.0,1.0,1.0,1.0,41,2,22,2
1016,1.0,1.0,2.0,1.0,1.0,1.0,18,1,38,2
1017,1.0,1.0,2.0,1.0,1.0,1.0,52,1,23,2
1018,1.0,1.0,2.0,1.0,1.0,1.0,24,2,15,1
1019,2.0,2.0,2.0,1.0,1.0,1.0,21,2,22,2
1020,2.0,2.0,2.0,1.0,1.0,1.0,46,2,35,2
1021,1.0,2.0,2.0,1.0,1.0,1.0,38,2,49,2
1022,1.0,2.0,2.0,1.0,1.0,1.0,46,3,35,2
1023,2.0,2.0,2.0,1.0,1.0,1.0,21,2,25,2
1024,1.0,2.0,1.0,1.0,1.0,1.0,22,2,13,2
1025,1.0,2.0,1.0,1.0,1.0,1.0,35,2,32,1
1026,2.0,1.0,2.0,1.0,1.0,1.0,35,3,9,1
1027,1.0,1.0,2.0,1.0,1.0,1.0,40,1,25,2
1028,1.0,2.0,1.0,2.0,2.0,1.0,18,2,42,1
1029,1.0,1.0,2.0,1.0,1.0,1.0,30,2,29,1
1030,1.0,1.0,2.0,1.0,1.0,1.0,29,2,35,2
1031,1.0,1.0,1.0,1.0,1.0,1.0,18,1,38,2
1032,1.0,1.0,2.0,1.0,1.0,1.0,45,2,35,2
1033,1.0,1.0,2.0,1.0,1.0,1.0,24,1,14,1
1034,1.0,1.0,2.0,1.0,1.0,1.0,43,2,43,2
1035,2.0,2.0,1.0,1.0,1.0,1.0,21,2,49,1
1036,1.0,2.0,2.0,1.0,1.0,1.0,53,2,13,2
1037,2.0,2.0,2.0,1.0,1.0,1.0,19,2,12,1
1038,1.0,1.0,2.0,1.0,1.0,1.0,20,1,14,2
1039,1.0,1.0,2.0,1.0,1.0,1.0,33,3,32,1
1040,1.0,1.0,2.0,1.0,1.0,2.0,54,3,13,2
1041,1.0,1.0,1.0,1.0,1.0,1.0,35,3,13,2
1042,1.0,1.0,1.0,1.0,1.0,1.0,36,2,22,2
1043,2.0,1.0,2.0,1.0,1.0,1.0,32,3,4,1
1044,1.0,2.0,2.0,1.0,1.0,2.0,18,2,10,1
1045,2.0,2.0,1.0,2.0,1.0,2.0,25,3,4,1
1046,1.0,1.0,2.0,1.0,1.0,1.0,37,3,35,2
1047,2.0,1.0,2.0,1.0,1.0,1.0,20,2,38,2
1048,1.0,1.0,2.0,1.0,1.0,1.0,32,1,35,2
1049,1.0,1.0,1.0,1.0,1.0,1.0,20,2,32,1
1050,1.0,1.0,2.0,2.0,1.0,1.0,21,3,45,1
1051,2.0,2.0,2.0,1.0,1.0,2.0,35,3,13,2
1052,1.0,1.0,2.0,1.0,1.0,1.0,42,2,35,2
1053,1.0,1.0,2.0,1.0,1.0,1.0,31,3,32,1
1054,1.0,1.0,2.0,1.0,1.0,2.0,24,1,13,2
1055,1.0,1.0,1.0,1.0,1.0,1.0,42,2,35,2
1056,2.0,2.0,2.0,1.0,1.0,1.0,21,1,49,2
1057,1.0,1.0,2.0,1.0,1.0,1.0,44,1,35,2
1058,1.0,2.0,2.0,1.0,2.0,1.0,33,3,22,2
1059,1.0,1.0,2.0,1.0,1.0,1.0,20,2,28,2
1060,1.0,2.0,2.0,1.0,1.0,1.0,20,2,4,2
1061,2.0,1.0,2.0,1.0,1.0,1.0,31,3,35,1
1062,1.0,1.0,2.0,1.0,1.0,2.0,22,3,30,2
1063,2.0,2.0,1.0,1.0,2.0,1.0,21,2,12,1
1064,1.0,1.0,2.0,1.0,1.0,1.0,18,2,25,1
1065,1.0,1.0,1.0,1.0,1.0,1.0,30,2,35,2
1066,1.0,2.0,1.0,1.0,1.0,2.0,20,2,37,1
1067,1.0,1.0,1.0,1.0,1.0,1.0,22,3,13,2
1068,2.0,2.0,2.0,2.0,2.0,2.0,29,2,13,2
1069,1.0,1.0,1.0,1.0,1.0,1.0,18,1,32,2
1070,2.0,1.0,2.0,1.0,2.0,2.0,24,3,32,1
1071,1.0,1.0,2.0,1.0,1.0,1.0,18,2,4,2
1072,2.0,2.0,2.0,2.0,2.0,2.0,33,2,35,2
1073,1.0,1.0,1.0,1.0,1.0,1.0,23,1,35,2
1074,2.0,2.0,2.0,2.0,2.0,2.0,20,3,6,1
1075,1.0,1.0,2.0,1.0,1.0,1.0,29,3,22,2
1076,1.0,1.0,1.0,1.0,1.0,1.0,31,2,35,2
1077,1.0,1.0,2.0,1.0,1.0,1.0,19,2,22,2
1078,1.0,2.0,1.0,1.0,2.0,2.0,22,1,21,1
1079,1.0,1.0,2.0,1.0,1.0,1.0,20,2,32,1
1080,1.0,1.0,2.0,1.0,1.0,1.0,19,1,38,2
1081,2.0,2.0,2.0,1.0,1.0,1.0,18,2,46,1
1082,2.0,2.0,2.0,1.0,1.0,1.0,25,4,22,2
1083,1.0,1.0,2.0,1.0,1.0,1.0,26,2,22,2
1084,1.0,1.0,2.0,1.0,1.0,1.0,27,3,26,1
1085,1.0,1.0,1.0,1.0,1.0,1.0,24,1,4,1
1086,1.0,2.0,2.0,1.0,1.0,2.0,35,2,13,2
1087,1.0,1.0,1.0,1.0,1.0,1.0,22,2,14,1
1088,1.0,1.0,2.0,1.0,1.0,2.0,34,1,14,2
1089,1.0,1.0,1.0,1.0,1.0,2.0,30,3,49,2
1090,2.0,1.0,2.0,1.0,1.0,1.0,20,4,42,1
1091,1.0,1.0,2.0,1.0,1.0,1.0,21,3,30,2
1092,1.0,1.0,2.0,1.0,1.0,1.0,32,3,22,1
1093,1.0,2.0,2.0,1.0,1.0,1.0,20,2,14,1
1094,2.0,1.0,2.0,1.0,1.0,1.0,19,3,39,2
1095,1.0,1.0,2.0,2.0,2.0,2.0,22,2,44,2
1096,1.0,1.0,1.0,1.0,1.0,1.0,32,3,32,1
1097,1.0,1.0,2.0,1.0,1.0,1.0,18,2,13,2
1098,1.0,2.0,2.0,1.0,1.0,1.0,20,4,4,2
1099,2.0,2.0,1.0,1.0,1.0,2.0,29,2,21,2
1100,1.0,1.0,2.0,1.0,1.0,1.0,24,2,32,1
1101,1.0,1.0,1.0,1.0,1.0,1.0,22,2,4,2
1102,1.0,1.0,2.0,1.0,1.0,1.0,18,3,4,2
1103,1.0,1.0,2.0,1.0,1.0,1.0,19,2,13,2
1104,2.0,2.0,2.0,1.0,1.0,1.0,19,2,49,1
1105,1.0,1.0,1.0,1.0,1.0,1.0,21,2,4,1
1106,1.0,1.0,2.0,1.0,1.0,2.0,21,2,14,1
1107,1.0,1.0,2.0,1.0,1.0,1.0,20,2,8,1
1108,1.0,1.0,2.0,1.0,1.0,2.0,20,1,38,1
1109,1.0,1.0,2.0,1.0,1.0,1.0,26,4,14,2
1110,1.0,1.0,2.0,1.0,1.0,1.0,20,3,37,2
1111,2.0,2.0,2.0,1.0,1.0,1.0,32,2,4,1
1112,1.0,2.0,1.0,1.0,1.0,1.0,21,3,20,1
1113,1.0,1.0,2.0,1.0,1.0,1.0,29,1,49,2
1114,1.0,1.0,2.0,1.0,1.0,2.0,21,2,43,1
1115,2.0,2.0,2.0,2.0,2.0,2.0,28,3,15,2
1116,1.0,1.0,1.0,1.0,1.0,1.0,20,3,9,2
1117,1.0,1.0,1.0,1.0,1.0,1.0,27,2,4,1
1118,2.0,1.0,1.0,1.0,1.0,1.0,20,4,2,2
1119,1.0,1.0,2.0,1.0,1.0,1.0,30,1,35,2
1120,1.0,1.0,1.0,1.0,1.0,2.0,20,1,47,1
1121,2.0,2.0,2.0,1.0,1.0,1.0,19,3,4,2
1122,1.0,1.0,2.0,1.0,1.0,2.0,20,2,16,1
1123,1.0,1.0,1.0,1.0,1.0,1.0,32,3,32,1
1124,1.0,2.0,2.0,1.0,1.0,1.0,35,2,15,2
1125,1.0,1.0,2.0,1.0,1.0,1.0,21,3,47,1
1126,1.0,2.0,2.0,1.0,1.0,1.0,25,2,13,2
1127,2.0,2.0,2.0,1.0,1.0,2.0,24,2,30,1
1128,1.0,1.0,2.0,1.0,1.0,1.0,28,2,25,2
1129,2.0,1.0,1.0,1.0,2.0,2.0,21,3,2,1
1130,1.0,1.0,1.0,1.0,1.0,1.0,29,3,4,1
1131,1.0,1.0,2.0,1.0,1.0,1.0,31,2,13,2
1132,1.0,1.0,2.0,1.0,1.0,1.0,43,1,48,2
1133,1.0,1.0,1.0,1.0,1.0,1.0,29,2,43,2
1134,1.0,1.0,2.0,1.0,1.0,1.0,23,1,43,2
1135,2.0,2.0,1.0,1.0,1.0,2.0,31,2,4,2
1136,1.0,1.0,2.0,1.0,1.0,1.0,26,3,30,1
1137,2.0,2.0,2.0,1.0,1.0,1.0,23,2,9,2
1138,1.0,1.0,1.0,1.0,1.0,1.0,53,3,9,2
1139,1.0,1.0,2.0,1.0,1.0,1.0,23,2,0,2
1140,1.0,1.0,2.0,1.0,1.0,1.0,41,1,44,2
1141,1.0,1.0,2.0,1.0,1.0,1.0,35,2,10,2
1142,1.0,1.0,1.0,1.0,1.0,1.0,54,1,20,2
1143,2.0,2.0,2.0,1.0,1.0,1.0,31,2,42,2
1144,1.0,1.0,2.0,1.0,1.0,2.0,29,3,13,2
1145,2.0,2.0,1.0,2.0,1.0,1.0,20,3,15,1
1146,1.0,1.0,1.0,1.0,1.0,2.0,28,2,42,2
1147,1.0,1.0,1.0,1.0,1.0,1.0,25,3,10,2
1148,2.0,2.0,2.0,1.0,1.0,1.0,53,1,3,2
1149,1.0,1.0,1.0,1.0,1.0,1.0,26,2,43,2
1150,1.0,1.0,1.0,1.0,1.0,1.0,30,2,24,2
1151,1.0,1.0,2.0,1.0,1.0,1.0,48,1,24,2
1152,2.0,2.0,2.0,1.0,1.0,1.0,34,2,4,2
1153,1.0,1.0,2.0,1.0,1.0,1.0,45,2,37,2
1154,1.0,1.0,2.0,1.0,1.0,1.0,27,3,10,2
1155,1.0,1.0,1.0,1.0,1.0,1.0,23,3,9,2
1156,1.0,2.0,2.0,1.0,1.0,1.0,46,2,33,2
1157,1.0,1.0,1.0,1.0,1.0,1.0,36,3,18,2
1158,1.0,1.0,1.0,1.0,1.0,2.0,47,1,12,2
1159,1.0,2.0,1.0,1.0,1.0,1.0,31,3,4,2
1160,1.0,1.0,1.0,1.0,1.0,2.0,39,2,9,2
1161,1.0,1.0,2.0,1.0,1.0,1.0,48,1,9,2
1162,1.0,1.0,2.0,1.0,1.0,1.0,31,2,4,1
1163,1.0,1.0,2.0,1.0,1.0,1.0,35,2,5,2
1164,1.0,2.0,2.0,1.0,1.0,1.0,30,1,36,2
1165,1.0,1.0,2.0,1.0,1.0,1.0,21,2,32,1
1166,2.0,2.0,2.0,1.0,1.0,1.0,22,1,23,2
1167,1.0,1.0,2.0,1.0,1.0,1.0,45,2,28,2
1168,1.0,1.0,2.0,1.0,1.0,2.0,25,3,9,2
1169,1.0,1.0,1.0,1.0,1.0,2.0,21,2,2,2
1170,1.0,1.0,1.0,1.0,1.0,1.0,41,3,9,2
1171,1.0,1.0,2.0,1.0,1.0,1.0,36,3,43,2
1172,2.0,1.0,2.0,1.0,2.0,2.0,43,2,0,2
1173,1.0,1.0,2.0,1.0,1.0,1.0,45,2,47,2
1174,1.0,1.0,1.0,1.0,1.0,1.0,28,3,2,2
1175,2.0,2.0,2.0,1.0,1.0,1.0,24,3,9,2
1176,1.0,1.0,2.0,1.0,1.0,1.0,55,2,9,2
1177,1.0,1.0,2.0,1.0,1.0,1.0,45,2,20,2
1178,1.0,1.0,2.0,1.0,1.0,1.0,33,3,44,2
1179,1.0,1.0,1.0,1.0,1.0,1.0,27,1,9,2
1180,1.0,1.0,2.0,1.0,1.0,1.0,41,1,17,2
1181,1.0,1.0,2.0,1.0,1.0,1.0,50,1,9,2
1182,2.0,2.0,2.0,1.0,1.0,2.0,38,2,42,2
1183,1.0,1.0,2.0,1.0,1.0,1.0,32,1,42,2
1184,1.0,1.0,2.0,1.0,1.0,1.0,41,1,12,2
1185,1.0,1.0,2.0,1.0,1.0,1.0,43,2,33,2
1186,1.0,1.0,2.0,1.0,1.0,1.0,39,2,5,2
1187,1.0,1.0,2.0,1.0,1.0,1.0,31,2,4,2
1188,1.0,1.0,2.0,1.0,1.0,1.0,50,2,4,2
1189,1.0,1.0,1.0,1.0,1.0,1.0,25,3,2,1
1190,1.0,1.0,2.0,1.0,1.0,1.0,31,3,4,1
1191,1.0,1.0,2.0,1.0,1.0,1.0,32,2,9,2
1192,1.0,2.0,2.0,1.0,2.0,2.0,46,2,4,2
1193,2.0,2.0,2.0,1.0,1.0,1.0,45,2,20,1
1194,1.0,1.0,1.0,2.0,1.0,1.0,24,3,0,2
1195,1.0,1.0,2.0,1.0,1.0,1.0,23,2,4,2
1196,1.0,1.0,2.0,1.0,1.0,1.0,41,2,4,2
1197,1.0,1.0,2.0,1.0,1.0,1.0,28,1,4,2
1198,1.0,1.0,2.0,1.0,1.0,1.0,18,2,4,1
1199,1.0,1.0,1.0,1.0,1.0,2.0,55,1,17,2
1200,1.0,1.0,2.0,1.0,1.0,1.0,55,2,4,2
1201,1.0,1.0,1.0,1.0,1.0,1.0,20,2,30,1
1202,1.0,1.0,1.0,1.0,1.0,2.0,29,3,4,1
1203,1.0,1.0,1.0,1.0,1.0,1.0,20,2,4,1
1204,1.0,1.0,2.0,1.0,1.0,1.0,20,4,11,2
1205,1.0,1.0,1.0,1.0,1.0,1.0,41,1,26,2
1206,1.0,1.0,1.0,1.0,1.0,1.0,21,2,29,1
1207,1.0,1.0,2.0,1.0,1.0,1.0,18,3,4,2
1208,1.0,1.0,2.0,1.0,1.0,2.0,29,1,13,1
1209,2.0,1.0,1.0,2.0,2.0,1.0,32,2,2,2
1210,1.0,2.0,2.0,1.0,1.0,1.0,26,2,10,2
1211,2.0,2.0,1.0,1.0,1.0,1.0,21,1,38,1
1212,1.0,1.0,2.0,1.0,1.0,1.0,31,2,4,2
1213,1.0,1.0,1.0,2.0,1.0,1.0,36,2,3,2
1214,2.0,1.0,2.0,2.0,2.0,1.0,25,2,9,2
1215,1.0,1.0,1.0,1.0,1.0,1.0,31,1,3,2
1216,1.0,1.0,2.0,1.0,1.0,1.0,22,2,5,2
1217,1.0,2.0,2.0,1.0,1.0,1.0,37,2,47,2
1218,1.0,1.0,1.0,1.0,1.0,1.0,20,2,47,2
1219,1.0,1.0,2.0,1.0,1.0,2.0,33,2,4,2
1220,1.0,1.0,1.0,1.0,1.0,1.0,27,2,1,2
1221,1.0,1.0,2.0,1.0,1.0,1.0,50,2,4,2
1222,1.0,1.0,2.0,1.0,1.0,1.0,47,3,47,2
1223,2.0,2.0,2.0,1.0,1.0,1.0,34,3,47,2
1224,2.0,1.0,2.0,1.0,1.0,1.0,18,2,21,1
1225,2.0,1.0,2.0,1.0,1.0,1.0,28,1,2,2
1226,1.0,1.0,2.0,1.0,1.0,1.0,53,1,4,2
1227,1.0,1.0,2.0,1.0,1.0,1.0,24,1,4,2
1228,2.0,1.0,1.0,1.0,1.0,2.0,25,2,4,2
1229,2.0,2.0,2.0,1.0,1.0,1.0,27,3,33,2
1230,2.0,1.0,2.0,1.0,1.0,1.0,44,2,4,2
1231,1.0,1.0,2.0,1.0,1.0,1.0,22,1,4,2
1232,1.0,1.0,1.0,1.0,2.0,2.0,52,2,4,2
1233,2.0,1.0,1.0,1.0,1.0,1.0,50,2,4,2
1234,1.0,1.0,2.0,1.0,1.0,1.0,20,2,47,2
1235,2.0,2.0,2.0,1.0,1.0,1.0,28,2,32,1
1236,1.0,1.0,2.0,1.0,1.0,1.0,23,3,11,2
1237,1.0,1.0,1.0,1.0,1.0,1.0,21,4,4,2
1238,1.0,1.0,2.0,1.0,1.0,1.0,19,3,4,2
1239,2.0,2.0,2.0,1.0,1.0,1.0,25,2,43,2
1240,1.0,1.0,2.0,1.0,1.0,1.0,26,2,28,2
1241,2.0,2.0,2.0,2.0,2.0,2.0,28,3,15,1
1242,2.0,2.0,1.0,1.0,1.0,1.0,27,1,15,1
1243,1.0,1.0,1.0,1.0,1.0,1.0,27,1,9,1
1244,1.0,1.0,1.0,1.0,2.0,2.0,36,3,0,1
1245,1.0,1.0,2.0,1.0,1.0,1.0,20,2,4,2
1246,1.0,1.0,1.0,1.0,1.0,1.0,19,1,19,1
1247,1.0,1.0,1.0,1.0,1.0,1.0,23,3,32,1
1248,2.0,1.0,2.0,1.0,1.0,2.0,20,3,13,1
1249,1.0,1.0,2.0,1.0,1.0,1.0,21,3,14,1
1250,1.0,1.0,1.0,1.0,1.0,1.0,25,2,14,1
1251,1.0,1.0,2.0,1.0,1.0,1.0,25,2,14,1
1252,1.0,1.0,1.0,1.0,1.0,1.0,32,2,22,1
1253,1.0,2.0,1.0,1.0,1.0,1.0,20,2,4,1
1254,1.0,1.0,2.0,1.0,1.0,1.0,30,3,4,2
1255,1.0,1.0,1.0,1.0,1.0,1.0,25,3,4,2
1256,1.0,1.0,2.0,1.0,1.0,1.0,55,2,28,2
1257,1.0,1.0,2.0,1.0,1.0,1.0,41,3,2,2
1258,1.0,1.0,1.0,1.0,1.0,1.0,32,3,4,2
1259,1.0,1.0,2.0,1.0,1.0,1.0,34,2,37,2
1260,2.0,2.0,2.0,1.0,1.0,2.0,18,3,32,1
1261,1.0,2.0,2.0,1.0,1.0,1.0,42,2,4,2
1262,1.0,1.0,2.0,1.0,1.0,1.0,26,2,4,2
1263,2.0,2.0,2.0,1.0,1.0,2.0,35,3,35,1
1264,1.0,1.0,2.0,1.0,1.0,1.0,27,3,2,2
1265,1.0,1.0,1.0,1.0,1.0,1.0,31,3,47,2
1266,1.0,1.0,2.0,1.0,1.0,1.0,27,2,4,2
1267,2.0,2.0,2.0,1.0,1.0,1.0,50,1,37,2
1268,1.0,1.0,1.0,1.0,1.0,1.0,46,2,2,2
1269,2.0,2.0,2.0,1.0,1.0,1.0,19,2,4,1
1270,2.0,2.0,1.0,2.0,2.0,2.0,27,2,4,2
1271,1.0,1.0,1.0,1.0,1.0,2.0,27,2,4,2
1272,1.0,1.0,2.0,1.0,1.0,1.0,19,2,35,1
1273,1.0,1.0,2.0,1.0,1.0,1.0,32,3,5,2
1274,2.0,2.0,2.0,1.0,1.0,1.0,23,1,4,2
1275,1.0,2.0,2.0,1.0,1.0,1.0,55,2,11,2
1276,1.0,1.0,1.0,1.0,1.0,1.0,30,1,4,2
1277,1.0,1.0,2.0,1.0,1.0,1.0,30,2,25,1
1278,2.0,2.0,2.0,1.0,1.0,1.0,18,2,4,1
1279,2.0,2.0,1.0,1.0,2.0,2.0,20,2,22,1
1280,1.0,2.0,2.0,1.0,1.0,1.0,26,1,25,1
1281,1.0,1.0,2.0,1.0,1.0,1.0,20,3,14,1
1282,1.0,1.0,2.0,1.0,2.0,2.0,34,1,14,1
1283,1.0,1.0,2.0,1.0,1.0,1.0,20,2,13,1
1284,1.0,1.0,2.0,1.0,1.0,1.0,26,2,13,1
1285,1.0,1.0,1.0,1.0,1.0,1.0,23,3,15,1
1286,1.0,1.0,1.0,1.0,1.0,1.0,20,3,22,1
1287,1.0,1.0,1.0,1.0,1.0,2.0,20,3,4,1
1288,1.0,1.0,2.0,1.0,1.0,1.0,23,2,4,1
1289,1.0,1.0,2.0,2.0,1.0,1.0,25,2,4,1
1290,2.0,2.0,2.0,1.0,1.0,2.0,18,1,12,1
1291,1.0,1.0,2.0,1.0,1.0,1.0,20,2,13,1
1292,2.0,2.0,2.0,1.0,1.0,2.0,19,1,4,1
1293,1.0,1.0,2.0,1.0,1.0,2.0,23,2,4,1
1294,0.0,0.0,0.0,0.0,0.0,0.0,21,1,41,2
1295,0.0,0.0,0.0,0.0,0.0,0.0,20,3,9,1
1296,0.0,0.0,0.0,0.0,0.0,0.0,18,2,43,2
1297,0.0,0.0,0.0,0.0,0.0,0.0,34,2,15,1
1298,0.0,0.0,0.0,0.0,0.0,0.0,30,3,30,1
1299,0.0,0.0,0.0,0.0,0.0,0.0,32,3,30,1
1300,0.0,0.0,0.0,0.0,0.0,0.0,35,2,11,1
1301,0.0,0.0,0.0,0.0,0.0,0.0,41,4,14,1
1302,0.0,0.0,0.0,0.0,0.0,0.0,42,2,46,1
1303,0.0,0.0,0.0,0.0,0.0,0.0,35,3,46,1
1304,0.0,0.0,0.0,0.0,0.0,0.0,40,1,25,1
1305,0.0,0.0,0.0,0.0,0.0,0.0,36,2,47,2
1306,0.0,0.0,0.0,0.0,0.0,0.0,33,2,17,1
1307,0.0,0.0,0.0,0.0,0.0,0.0,24,1,13,2
1308,0.0,0.0,0.0,0.0,0.0,0.0,24,3,2,2
1309,0.0,0.0,0.0,0.0,0.0,0.0,29,2,13,2
1310,0.0,0.0,0.0,0.0,0.0,0.0,27,2,42,1
1311,0.0,0.0,0.0,0.0,0.0,0.0,20,3,17,1
1312,0.0,0.0,0.0,0.0,0.0,0.0,25,2,23,1
1313,0.0,0.0,0.0,0.0,0.0,0.0,30,1,30,2
1314,0.0,0.0,0.0,0.0,0.0,0.0,41,3,33,1
1315,0.0,0.0,0.0,0.0,0.0,0.0,42,3,37,2
1316,0.0,0.0,0.0,0.0,0.0,0.0,35,3,11,1
1317,0.0,0.0,0.0,0.0,0.0,0.0,33,2,21,2
1318,0.0,0.0,0.0,0.0,0.0,0.0,22,2,9,2
1319,0.0,0.0,0.0,0.0,0.0,0.0,35,3,11,1
1320,0.0,0.0,0.0,0.0,0.0,0.0,19,3,35,2
1321,0.0,0.0,0.0,0.0,0.0,0.0,35,3,4,2
1322,0.0,0.0,0.0,0.0,0.0,0.0,35,3,4,2
1323,0.0,0.0,0.0,0.0,0.0,0.0,35,1,4,2
1324,0.0,0.0,0.0,0.0,0.0,0.0,21,2,14,1
1325,0.0,0.0,0.0,0.0,0.0,0.0,42,2,9,1
1326,0.0,0.0,0.0,0.0,0.0,0.0,40,3,32,1
1327,0.0,0.0,0.0,0.0,0.0,0.0,30,3,4,1
1328,0.0,0.0,0.0,0.0,0.0,0.0,32,3,33,2
1329,0.0,0.0,0.0,0.0,0.0,0.0,29,2,10,2
1330,0.0,0.0,0.0,0.0,0.0,0.0,44,3,5,2
1331,0.0,0.0,0.0,0.0,0.0,0.0,38,2,4,2
1332,0.0,0.0,0.0,0.0,0.0,0.0,32,2,22,1
1333,0.0,0.0,0.0,0.0,0.0,0.0,39,2,4,2
1334,0.0,0.0,0.0,0.0,0.0,0.0,29,3,13,2
1335,0.0,0.0,0.0,0.0,0.0,0.0,21,3,13,2
1336,0.0,0.0,0.0,0.0,0.0,0.0,19,3,30,2
1337,0.0,0.0,0.0,0.0,0.0,0.0,24,2,32,1
1338,0.0,0.0,0.0,0.0,0.0,0.0,40,3,10,1
1339,0.0,0.0,0.0,0.0,0.0,0.0,30,3,43,2
1340,0.0,0.0,0.0,0.0,0.0,0.0,44,2,43,1
1341,0.0,0.0,0.0,0.0,0.0,0.0,19,2,4,1
1342,0.0,0.0,0.0,0.0,0.0,0.0,23,3,43,1
1343,0.0,0.0,0.0,0.0,0.0,0.0,26,2,43,2
1344,0.0,0.0,0.0,0.0,0.0,0.0,29,3,32,2
1345,0.0,0.0,0.0,0.0,0.0,0.0,34,2,9,1
1346,0.0,0.0,0.0,0.0,0.0,0.0,41,3,32,1
1347,0.0,0.0,0.0,0.0,0.0,0.0,27,2,38,1
1348,0.0,0.0,0.0,0.0,0.0,0.0,28,1,9,2
1349,0.0,0.0,0.0,0.0,0.0,0.0,41,3,4,1
1350,0.0,0.0,0.0,0.0,0.0,0.0,39,3,38,2
1351,0.0,0.0,0.0,0.0,0.0,0.0,26,3,9,1
1352,0.0,0.0,0.0,0.0,0.0,0.0,20,2,10,2
1353,0.0,0.0,0.0,0.0,0.0,0.0,40,2,9,1
1354,0.0,0.0,0.0,0.0,0.0,0.0,32,3,36,1
1355,0.0,0.0,0.0,0.0,0.0,0.0,36,3,44,1
1356,0.0,0.0,0.0,0.0,0.0,0.0,22,2,35,1
1357,0.0,0.0,0.0,0.0,0.0,0.0,30,2,14,2
1358,0.0,0.0,0.0,0.0,0.0,0.0,22,3,30,1
1359,0.0,0.0,0.0,0.0,0.0,0.0,40,2,2,1
1360,0.0,0.0,0.0,0.0,0.0,0.0,19,3,32,1
1361,0.0,0.0,0.0,0.0,0.0,0.0,36,3,4,1
1362,0.0,0.0,0.0,0.0,0.0,0.0,34,3,9,1
1363,0.0,0.0,0.0,0.0,0.0,0.0,27,1,10,2
1364,0.0,0.0,0.0,0.0,0.0,0.0,18,1,17,2
1365,0.0,0.0,0.0,0.0,0.0,0.0,43,2,13,2
1366,0.0,0.0,0.0,0.0,0.0,0.0,28,3,13,1
1367,0.0,0.0,0.0,0.0,0.0,0.0,38,3,22,1
1368,0.0,0.0,0.0,0.0,0.0,0.0,27,2,9,1
1369,0.0,0.0,0.0,0.0,0.0,0.0,39,2,21,2
1370,0.0,0.0,0.0,0.0,0.0,0.0,30,3,43,2
1371,0.0,0.0,0.0,0.0,0.0,0.0,40,1,43,1
1372,0.0,0.0,0.0,0.0,0.0,0.0,36,1,22,1
1373,0.0,0.0,0.0,0.0,0.0,0.0,29,2,9,2
1374,0.0,0.0,0.0,0.0,0.0,0.0,23,1,42,2
1375,0.0,0.0,0.0,0.0,0.0,0.0,45,3,38,2
1376,0.0,0.0,0.0,0.0,0.0,0.0,34,2,38,1
1377,0.0,0.0,0.0,0.0,0.0,0.0,38,2,32,2
1378,0.0,0.0,0.0,0.0,0.0,0.0,40,3,4,1
1379,0.0,0.0,0.0,0.0,0.0,0.0,28,3,43,1
1380,0.0,0.0,0.0,0.0,0.0,0.0,32,2,17,2
1381,0.0,0.0,0.0,0.0,0.0,0.0,45,2,49,1
1382,0.0,0.0,0.0,0.0,0.0,0.0,26,2,3,2
1383,0.0,0.0,0.0,0.0,0.0,0.0,33,2,23,1
1384,0.0,0.0,0.0,0.0,0.0,0.0,31,3,34,1
1385,0.0,0.0,0.0,0.0,0.0,0.0,26,3,4,2
1386,0.0,0.0,0.0,0.0,0.0,0.0,38,2,47,2
1387,0.0,0.0,0.0,0.0,0.0,0.0,41,3,4,2
1388,0.0,0.0,0.0,0.0,0.0,0.0,30,3,10,2
1389,0.0,0.0,0.0,0.0,0.0,0.0,27,2,9,2
1390,0.0,0.0,0.0,0.0,0.0,0.0,33,2,4,2
1391,0.0,0.0,0.0,0.0,0.0,0.0,38,1,43,2
1392,0.0,0.0,0.0,0.0,0.0,0.0,29,3,9,1
1393,0.0,0.0,0.0,0.0,0.0,0.0,23,4,16,2
1394,0.0,0.0,0.0,0.0,0.0,0.0,40,2,12,2
1395,0.0,0.0,0.0,0.0,0.0,0.0,32,2,25,1
1396,0.0,0.0,0.0,0.0,0.0,0.0,26,2,22,2
1397,0.0,0.0,0.0,0.0,0.0,0.0,38,1,5,2
1398,0.0,0.0,0.0,0.0,0.0,0.0,40,1,43,1
1399,0.0,0.0,0.0,0.0,0.0,0.0,30,3,10,1
1400,0.0,0.0,0.0,0.0,0.0,0.0,34,3,32,2
1401,0.0,0.0,0.0,0.0,0.0,0.0,20,2,13,2
1402,0.0,0.0,0.0,0.0,0.0,0.0,20,2,22,1
1403,0.0,0.0,0.0,0.0,0.0,0.0,42,2,22,1
1404,0.0,0.0,0.0,0.0,0.0,0.0,36,2,35,1
1405,0.0,0.0,0.0,0.0,0.0,0.0,20,2,43,2
1406,0.0,0.0,0.0,0.0,0.0,0.0,36,3,44,1
1407,0.0,0.0,0.0,0.0,0.0,0.0,38,2,44,2
1408,0.0,0.0,0.0,0.0,0.0,0.0,24,2,23,2
1409,0.0,0.0,0.0,0.0,0.0,0.0,35,1,2,1
1410,0.0,0.0,0.0,0.0,0.0,0.0,30,3,8,1
1411,0.0,0.0,0.0,0.0,0.0,0.0,36,3,9,1
1412,0.0,0.0,0.0,0.0,0.0,0.0,35,3,9,1
1413,0.0,0.0,0.0,0.0,0.0,0.0,29,3,9,2
1414,0.0,0.0,0.0,0.0,0.0,0.0,20,2,44,2
1415,0.0,0.0,0.0,0.0,0.0,0.0,41,3,32,1
1416,0.0,0.0,0.0,0.0,0.0,0.0,30,2,4,2
1417,0.0,0.0,0.0,0.0,0.0,0.0,19,3,13,1
1418,0.0,0.0,0.0,0.0,0.0,0.0,35,2,49,1
1419,0.0,0.0,0.0,0.0,0.0,0.0,23,3,30,2
1420,0.0,0.0,0.0,0.0,0.0,0.0,19,3,28,1
1421,0.0,0.0,0.0,0.0,0.0,0.0,29,2,10,1
1422,0.0,0.0,0.0,0.0,0.0,0.0,25,3,43,2
1423,0.0,0.0,0.0,0.0,0.0,0.0,36,3,9,2
1424,0.0,0.0,0.0,0.0,0.0,0.0,36,2,35,2
1425,0.0,0.0,0.0,0.0,0.0,0.0,42,2,38,1
1426,0.0,0.0,0.0,0.0,0.0,0.0,25,3,32,2
1427,0.0,0.0,0.0,0.0,0.0,0.0,44,2,10,1
1428,0.0,0.0,0.0,0.0,0.0,0.0,29,3,13,2
1429,0.0,0.0,0.0,0.0,0.0,0.0,40,2,21,1
1430,0.0,0.0,0.0,0.0,0.0,0.0,41,2,9,2
1431,0.0,0.0,0.0,0.0,0.0,0.0,43,2,43,2
1432,0.0,0.0,0.0,0.0,0.0,0.0,39,2,9,1
1433,0.0,0.0,0.0,0.0,0.0,0.0,34,2,9,1
1434,0.0,0.0,0.0,0.0,0.0,0.0,31,2,22,2
1435,0.0,0.0,0.0,0.0,0.0,0.0,27,3,7,2
1436,0.0,0.0,0.0,0.0,0.0,0.0,35,2,46,2
1437,0.0,0.0,0.0,0.0,0.0,0.0,31,2,10,2
1438,0.0,0.0,0.0,0.0,0.0,0.0,40,2,40,1
1439,0.0,0.0,0.0,0.0,0.0,0.0,24,2,25,2
1440,0.0,0.0,0.0,0.0,0.0,0.0,40,2,36,2
1441,0.0,0.0,0.0,0.0,0.0,0.0,36,2,23,2
1442,0.0,0.0,0.0,0.0,0.0,0.0,36,1,35,2
1443,0.0,0.0,0.0,0.0,0.0,0.0,33,2,13,2
1444,0.0,0.0,0.0,0.0,0.0,0.0,35,3,38,1
1445,0.0,0.0,0.0,0.0,0.0,0.0,38,2,20,1
1446,0.0,0.0,0.0,0.0,0.0,0.0,28,3,38,2
1447,0.0,0.0,0.0,0.0,0.0,0.0,27,3,4,1
1448,0.0,0.0,0.0,0.0,0.0,0.0,39,2,23,1
1449,0.0,0.0,0.0,0.0,0.0,0.0,23,2,38,1
1450,0.0,0.0,0.0,0.0,0.0,0.0,43,2,38,2
1451,0.0,0.0,0.0,0.0,0.0,0.0,40,3,27,1
1452,0.0,0.0,0.0,0.0,0.0,0.0,18,3,30,2
1453,0.0,0.0,0.0,0.0,0.0,0.0,28,2,44,2
1454,0.0,0.0,0.0,0.0,0.0,0.0,36,1,17,1
1455,0.0,0.0,0.0,0.0,0.0,0.0,25,3,4,1
1456,0.0,0.0,0.0,0.0,0.0,0.0,36,2,4,2
1457,0.0,0.0,0.0,0.0,0.0,0.0,22,2,29,2
1458,0.0,0.0,0.0,0.0,0.0,0.0,20,2,29,2
1459,0.0,0.0,0.0,0.0,0.0,0.0,37,3,42,1
1460,0.0,0.0,0.0,0.0,0.0,0.0,23,2,30,1
1461,0.0,0.0,0.0,0.0,0.0,0.0,34,3,43,1
1462,0.0,0.0,0.0,0.0,0.0,0.0,43,2,32,2
1463,0.0,0.0,0.0,0.0,0.0,0.0,37,2,43,2
1464,0.0,0.0,0.0,0.0,0.0,0.0,31,2,22,2
1465,0.0,0.0,0.0,0.0,0.0,0.0,30,3,4,1
1466,0.0,0.0,0.0,0.0,0.0,0.0,19,1,43,2
1467,0.0,0.0,0.0,0.0,0.0,0.0,22,2,4,1
1468,0.0,0.0,0.0,0.0,0.0,0.0,31,3,4,2
1469,0.0,0.0,0.0,0.0,0.0,0.0,42,2,9,1
1470,0.0,0.0,0.0,0.0,0.0,0.0,20,1,4,2
1471,0.0,0.0,0.0,0.0,0.0,0.0,34,3,10,1
1472,0.0,0.0,0.0,0.0,0.0,0.0,33,3,9,1
1473,0.0,0.0,0.0,0.0,0.0,0.0,20,2,43,1
1474,0.0,0.0,0.0,0.0,0.0,0.0,20,3,0,1
1475,0.0,0.0,0.0,0.0,0.0,0.0,45,1,5,1
1476,0.0,0.0,0.0,0.0,0.0,0.0,20,2,4,1
1477,0.0,0.0,0.0,0.0,0.0,0.0,22,2,4,1
1478,0.0,0.0,0.0,0.0,0.0,0.0,42,2,46,2
1479,0.0,0.0,0.0,0.0,0.0,0.0,20,3,33,2
1480,0.0,0.0,0.0,0.0,0.0,0.0,42,3,4,2
1481,0.0,0.0,0.0,0.0,0.0,0.0,37,3,31,1
1482,0.0,0.0,0.0,0.0,0.0,0.0,18,2,21,2
1483,0.0,0.0,0.0,0.0,0.0,0.0,30,2,21,1
1484,0.0,0.0,0.0,0.0,0.0,0.0,33,3,5,2
1485,0.0,0.0,0.0,0.0,0.0,0.0,44,2,30,2
1486,0.0,0.0,0.0,0.0,0.0,0.0,18,2,4,2
1487,0.0,0.0,0.0,0.0,0.0,0.0,19,2,13,1
1488,0.0,0.0,0.0,0.0,0.0,0.0,18,3,4,2
1489,0.0,0.0,0.0,0.0,0.0,0.0,18,2,6,2
1490,0.0,0.0,0.0,0.0,0.0,0.0,19,2,30,2
1491,0.0,0.0,0.0,0.0,0.0,0.0,44,3,9,2
1492,0.0,0.0,0.0,0.0,0.0,0.0,18,1,15,2
1493,0.0,0.0,0.0,0.0,0.0,0.0,19,3,10,1
1494,0.0,0.0,0.0,0.0,0.0,0.0,21,1,10,2
1495,0.0,0.0,0.0,0.0,0.0,0.0,30,3,32,1
1496,0.0,0.0,0.0,0.0,0.0,0.0,21,3,0,1
1497,0.0,0.0,0.0,0.0,0.0,0.0,44,3,38,1
1498,0.0,0.0,0.0,0.0,0.0,0.0,22,3,32,1
1499,0.0,0.0,0.0,0.0,0.0,0.0,35,2,43,2
1500,0.0,0.0,0.0,0.0,0.0,0.0,41,2,38,1
1501,0.0,0.0,0.0,0.0,0.0,0.0,22,2,3,1
1502,0.0,0.0,0.0,0.0,0.0,0.0,22,2,13,2
1503,0.0,0.0,0.0,0.0,0.0,0.0,19,4,31,2
1504,0.0,0.0,0.0,0.0,0.0,0.0,21,2,18,1
1505,0.0,0.0,0.0,0.0,0.0,0.0,20,2,4,1
1506,0.0,0.0,0.0,0.0,0.0,0.0,29,2,38,2
1507,0.0,0.0,0.0,0.0,0.0,0.0,21,2,28,2
1508,0.0,0.0,0.0,0.0,0.0,0.0,19,2,22,2
1509,0.0,0.0,0.0,0.0,0.0,0.0,21,2,32,1
1510,0.0,0.0,0.0,0.0,0.0,0.0,33,1,32,1
1511,0.0,0.0,0.0,0.0,0.0,0.0,38,3,47,1
1512,0.0,0.0,0.0,0.0,0.0,0.0,21,3,20,2
1513,0.0,0.0,0.0,0.0,0.0,0.0,19,2,22,2
1514,0.0,0.0,0.0,0.0,0.0,0.0,45,2,46,2
1515,0.0,0.0,0.0,0.0,0.0,0.0,18,1,15,1
1516,0.0,0.0,0.0,0.0,0.0,0.0,41,2,35,2
1517,0.0,0.0,0.0,0.0,0.0,0.0,40,2,40,2
1518,0.0,0.0,0.0,0.0,0.0,0.0,38,3,9,1
1519,0.0,0.0,0.0,0.0,0.0,0.0,32,3,49,2
1520,0.0,0.0,0.0,0.0,0.0,0.0,36,2,13,2
1521,0.0,0.0,0.0,0.0,0.0,0.0,30,3,4,2
1522,0.0,0.0,0.0,0.0,0.0,0.0,18,3,33,2
1523,0.0,0.0,0.0,0.0,0.0,0.0,44,3,13,2
1524,0.0,0.0,0.0,0.0,0.0,0.0,28,3,30,1
1525,0.0,0.0,0.0,0.0,0.0,0.0,36,3,32,1
1526,0.0,0.0,0.0,0.0,0.0,0.0,33,2,6,2
1527,0.0,0.0,0.0,0.0,0.0,0.0,30,3,37,1
1528,0.0,0.0,0.0,0.0,0.0,0.0,27,2,46,1
1529,0.0,0.0,0.0,0.0,0.0,0.0,41,3,47,2
1530,0.0,0.0,0.0,0.0,0.0,0.0,38,3,38,1
1531,0.0,0.0,0.0,0.0,0.0,0.0,45,1,32,2
1532,0.0,0.0,0.0,0.0,0.0,0.0,30,3,43,1
1533,0.0,0.0,0.0,0.0,0.0,0.0,36,2,5,1
1534,0.0,0.0,0.0,0.0,0.0,0.0,33,2,32,2
1535,0.0,0.0,0.0,0.0,0.0,0.0,32,2,33,2
1536,0.0,0.0,0.0,0.0,0.0,0.0,41,2,35,1
1537,0.0,0.0,0.0,0.0,0.0,0.0,35,2,13,2
1538,0.0,0.0,0.0,0.0,0.0,0.0,37,3,9,2
1539,0.0,0.0,0.0,0.0,0.0,0.0,34,1,35,1
1540,0.0,0.0,0.0,0.0,0.0,0.0,42,2,37,1
1541,0.0,0.0,0.0,0.0,0.0,0.0,29,2,21,1
1542,0.0,0.0,0.0,0.0,0.0,0.0,35,3,9,2
1543,0.0,0.0,0.0,0.0,0.0,0.0,30,1,13,1
1544,0.0,0.0,0.0,0.0,0.0,0.0,42,2,43,1
1545,0.0,0.0,0.0,0.0,0.0,0.0,40,2,20,1
1546,0.0,0.0,0.0,0.0,0.0,0.0,39,3,49,2
1547,0.0,0.0,0.0,0.0,0.0,0.0,23,2,32,2
1548,0.0,0.0,0.0,0.0,0.0,0.0,30,2,9,1
1549,0.0,0.0,0.0,0.0,0.0,0.0,34,3,32,2
1550,0.0,0.0,0.0,0.0,0.0,0.0,31,2,43,2
1551,0.0,0.0,0.0,0.0,0.0,0.0,34,2,4,1
1552,0.0,0.0,0.0,0.0,0.0,0.0,37,3,9,2
1553,0.0,0.0,0.0,0.0,0.0,0.0,32,3,9,1
1554,0.0,0.0,0.0,0.0,0.0,0.0,38,3,9,1
1555,0.0,0.0,0.0,0.0,0.0,0.0,38,3,25,1
1556,0.0,0.0,0.0,0.0,0.0,0.0,31,2,22,1
1557,0.0,0.0,0.0,0.0,0.0,0.0,45,1,4,1
1558,0.0,0.0,0.0,0.0,0.0,0.0,30,2,35,2
1559,0.0,0.0,0.0,0.0,0.0,0.0,31,1,33,2
1560,0.0,0.0,0.0,0.0,0.0,0.0,35,3,4,1
1561,0.0,0.0,0.0,0.0,0.0,0.0,45,3,28,2
1562,0.0,0.0,0.0,0.0,0.0,0.0,28,2,43,1
1563,0.0,0.0,0.0,0.0,0.0,0.0,30,3,43,2
1564,0.0,0.0,0.0,0.0,0.0,0.0,27,1,13,1
1565,0.0,0.0,0.0,0.0,0.0,0.0,38,3,32,2
1566,0.0,0.0,0.0,0.0,0.0,0.0,42,3,5,2
1567,0.0,0.0,0.0,0.0,0.0,0.0,23,2,14,1
1568,0.0,0.0,0.0,0.0,0.0,0.0,43,1,24,2
1569,0.0,0.0,0.0,0.0,0.0,0.0,27,2,21,2
1570,0.0,0.0,0.0,0.0,0.0,0.0,45,1,42,1
1571,0.0,0.0,0.0,0.0,0.0,0.0,40,3,30,1
1572,0.0,0.0,0.0,0.0,0.0,0.0,37,2,21,2
1573,0.0,0.0,0.0,0.0,0.0,0.0,43,3,43,2
1574,0.0,0.0,0.0,0.0,0.0,0.0,41,1,44,2
1575,0.0,0.0,0.0,0.0,0.0,0.0,38,1,39,2
1576,0.0,0.0,0.0,0.0,0.0,0.0,41,3,7,1
1577,0.0,0.0,0.0,0.0,0.0,0.0,31,2,9,1
1578,0.0,0.0,0.0,0.0,0.0,0.0,37,3,9,1
1579,0.0,0.0,0.0,0.0,0.0,0.0,36,1,22,1
1580,0.0,0.0,0.0,0.0,0.0,0.0,28,1,27,2
1581,0.0,0.0,0.0,0.0,0.0,0.0,29,2,46,2
1582,0.0,0.0,0.0,0.0,0.0,0.0,34,1,35,1
1583,0.0,0.0,0.0,0.0,0.0,0.0,26,3,36,2
1584,0.0,0.0,0.0,0.0,0.0,0.0,30,2,2,2
1585,0.0,0.0,0.0,0.0,0.0,0.0,24,2,32,2
1586,0.0,0.0,0.0,0.0,0.0,0.0,41,2,44,2
1587,0.0,0.0,0.0,0.0,0.0,0.0,36,1,43,1
1588,0.0,0.0,0.0,0.0,0.0,0.0,24,2,10,2
1589,0.0,0.0,0.0,0.0,0.0,0.0,29,3,13,1
1590,0.0,0.0,0.0,0.0,0.0,0.0,30,2,13,2
1591,0.0,0.0,0.0,0.0,0.0,0.0,36,2,2,1
1592,0.0,0.0,0.0,0.0,0.0,0.0,33,3,4,1
1593,0.0,0.0,0.0,0.0,0.0,0.0,29,3,41,1
1594,0.0,0.0,0.0,0.0,0.0,0.0,34,3,42,1
1595,0.0,0.0,0.0,0.0,0.0,0.0,39,3,43,2
1596,0.0,0.0,0.0,0.0,0.0,0.0,43,2,4,1
1597,0.0,0.0,0.0,0.0,0.0,0.0,33,3,32,1
1598,0.0,0.0,0.0,0.0,0.0,0.0,31,2,40,1
1599,0.0,0.0,0.0,0.0,0.0,0.0,39,2,22,1
1600,0.0,0.0,0.0,0.0,0.0,0.0,33,3,47,1
1601,0.0,0.0,0.0,0.0,0.0,0.0,27,3,40,2
1602,0.0,0.0,0.0,0.0,0.0,0.0,24,2,31,1
1603,0.0,0.0,0.0,0.0,0.0,0.0,44,2,2,2
1604,0.0,0.0,0.0,0.0,0.0,0.0,43,3,9,2
1605,0.0,0.0,0.0,0.0,0.0,0.0,29,3,8,2
1606,0.0,0.0,0.0,0.0,0.0,0.0,43,2,4,1
1607,0.0,0.0,0.0,0.0,0.0,0.0,38,3,47,1
1608,0.0,0.0,0.0,0.0,0.0,0.0,32,2,2,2
1609,0.0,0.0,0.0,0.0,0.0,0.0,30,2,0,2
1610,0.0,0.0,0.0,0.0,0.0,0.0,45,1,17,1
1611,0.0,0.0,0.0,0.0,0.0,0.0,40,2,35,2
1612,0.0,0.0,0.0,0.0,0.0,0.0,30,1,35,2
1613,0.0,0.0,0.0,0.0,0.0,0.0,40,3,31,2
1614,0.0,0.0,0.0,0.0,0.0,0.0,45,3,16,2
1615,0.0,0.0,0.0,0.0,0.0,0.0,25,3,42,1
1616,0.0,0.0,0.0,0.0,0.0,0.0,41,2,35,1
1617,0.0,0.0,0.0,0.0,0.0,0.0,23,3,32,1
1618,0.0,0.0,0.0,0.0,0.0,0.0,23,2,43,1
1619,0.0,0.0,0.0,0.0,0.0,0.0,44,3,4,2
1620,0.0,0.0,0.0,0.0,0.0,0.0,24,3,9,1
1621,0.0,0.0,0.0,0.0,0.0,0.0,30,3,0,1
1622,0.0,0.0,0.0,0.0,0.0,0.0,22,2,32,2
1623,0.0,0.0,0.0,0.0,0.0,0.0,29,3,32,1
1624,0.0,0.0,0.0,0.0,0.0,0.0,34,2,35,2
1625,0.0,0.0,0.0,0.0,0.0,0.0,39,1,4,2
1626,0.0,0.0,0.0,0.0,0.0,0.0,43,2,43,2
